Date,day,geocity,cyplannedimpressions24,lyplannedimpressions,cydeliveredimpressions24,lydeliveredimpressions,deliveredimpressionpercent,lydeliveredimpressionpercent,deliveredimpressionsvsly,cyplannedviews24,lyplannedviews,cydeliveredviews24,lydeliveredviews,deliveredviewspercent,lydeliveredviewspercent,deliveredviewsvsly,plannedctr,lyplannedctr,deliveredctr,lydeliveredctr,deliveredctrpercent,lydeliveredctrpercent,deliveredctrvsly,plannedvtr,lyplannedvtr,deliveredvtr,lydeliveredvtr,deliveredvtrpercent,lydeliveredvtrpercent,deliveredvtrvsly,cyplannedclicks24,lyplannedclicks,cydeliveredclicks24,lydeliveredclicks,deliveredclickspercent,lydeliveredclickspercent,deliveredclicksvsly,cyplannedspends24,lyplannedspends,cydeliveredspends24,lydeliveredspends,deliveredspendspercent,lydeliveredspendspercent,deliveredspendsvsly
2024-07-02,T-18,AP + TG C2,,,,,,,,,,,,,,,,,,,,,,,,,,,,,,,,,,,,,,,,,,
2024-07-02,T-18,"Ahemdabad, Gandhinagar, Surat, Vadodara",155215.95,,608609.0,,3.9210468799488836,,,98672.99,,453756.0,,4.59858347326467,,,0.003999999999999998,,0.005305540995943208,,1.3263852489858026,,,0.6357142857142851,,0.745562421850482,,1.1727948208883998,,,620.8599999999999,,3229.0,,5.200818742146004,,,12306.41,,30787.059999999998,,2.5017097712134824,,
2024-07-02,T-18,Bangalore,313046.39,,889823.0,,2.842463740736373,,,205339.43,,698329.0,,3.4008519837544213,,,0.0039056165894776384,,0.0041794828859222566,,1.0701211422499737,,,0.6559393022547916,,0.784795403130735,,1.1964451595338175,,,1222.6399999999999,,3719.0,,3.04178054504094,,,35034.71,,68650.17,,1.9594897522055088,,
2024-07-02,T-18,Bharuch,,,,,,,,,,,,,,,,,,,,,,,,,,,,,,,,,,,,,,,,,,
2024-07-02,T-18,Bhopal,,,,,,,,,,,,,,,,,,,,,,,,,,,,,,,,,,,,,,,,,,
2024-07-02,T-18,Bhubaneswar,,,,,,,,,,,,,,,,,,,,,,,,,,,,,,,,,,,,,,,,,,
2024-07-02,T-18,Chandigarh,,,,,,,,,,,,,,,,,,,,,,,,,,,,,,,,,,,,,,,,,,
2024-07-02,T-18,Chennai,129147.9,,304426.0,,2.357189019611973,,,87575.70999999999,,249254.0,,2.8461544629827626,,,0.0038021810963314575,,0.004657946430331181,,1.2250722183710319,,,0.6781040507861161,,0.8187671223877067,,1.2074358226271056,,,491.03999999999996,,1418.0,,2.887726781375877,,,19071.86,,19001.129999999997,,0.9962918709999917,,
2024-07-02,T-18,Coimbatore,,,,,,,,,,,,,,,,,,,,,,,,,,,,,,,,,,,,,,,,,,
2024-07-02,T-18,Dehra Dun,,,,,,,,,,,,,,,,,,,,,,,,,,,,,,,,,,,,,,,,,,
2024-07-02,T-18,Delhi,612867.8300000001,,1780790.0,,2.9056673027336686,,,403982.65,,1354277.0,,3.352314748689347,,,0.003890550911201775,,0.004751262080312671,,1.2212311800451483,,,0.6591676618853339,,0.7604922534380808,,1.1537159624350213,,,2384.39,,8461.0,,3.548491508936041,,,71781.43,,114156.79000000001,,1.590338831543651,,
2024-07-02,T-18,Durgapur,,,,,,,,,,,,,,,,,,,,,,,,,,,,,,,,,,,,,,,,,,
2024-07-02,T-18,Gujarat C1,,,,,,,,,,,,,,,,,,,,,,,,,,,,,,,,,,,,,,,,,,
2024-07-02,T-18,Guwahati,,,,,,,,,,,,,,,,,,,,,,,,,,,,,,,,,,,,,,,,,,
2024-07-02,T-18,Hyderabad,263465.87,,636891.0,,2.417356752887955,,,177295.99,,490672.0,,2.7675301702185435,,,0.003826292984362643,,0.004696251006844185,,1.2273631491464196,,,0.6729372176365765,,0.7704175439753427,,1.1448579804831227,,,1008.1,,2991.0,,2.9669745968349233,,,36710.990000000005,,44224.05,,1.2046541121580456,,
2024-07-02,T-18,Imphal,,,,,,,,,,,,,,,,,,,,,,,,,,,,,,,,,,,,,,,,,,
2024-07-02,T-18,Indore,,,,,,,,,,,,,,,,,,,,,,,,,,,,,,,,,,,,,,,,,,
2024-07-02,T-18,Jaipur,,,,,,,,,,,,,,,,,,,,,,,,,,,,,,,,,,,,,,,,,,
2024-07-02,T-18,Kanpur,,,,,,,,,,,,,,,,,,,,,,,,,,,,,,,,,,,,,,,,,,
2024-07-02,T-18,Kochi,21247.03,,77018.0,,3.6248842955551934,,,13507.029999999999,,58673.0,,4.343884163987258,,,0.003999999999999999,,0.0050637513308577214,,1.2659378327144306,,,0.6357142857142857,,0.7618089277831156,,1.1983511223554628,,,84.98,,390.0,,4.588878168955717,,,1684.5900000000001,,4219.280000000001,,2.504637587695578,,
2024-07-02,T-18,Kolkata,111114.77,,280218.0,,2.521879068006849,,,75547.55,,221536.0,,2.9324048134836773,,,0.003793773896745405,,0.0042502622957839966,,1.1203256734488585,,,0.6799055935545559,,0.7905844735170474,,1.1627856587910401,,,421.53999999999996,,1191.0,,2.8253258652213527,,,16731.78,,18019.0,,1.0769331345528708,,
2024-07-02,T-18,Lucknow,,,,,,,,,,,,,,,,,,,,,,,,,,,,,,,,,,,,,,,,,,
2024-07-02,T-18,Madurai,,,,,,,,,,,,,,,,,,,,,,,,,,,,,,,,,,,,,,,,,,
2024-07-02,T-18,Maharashtra C2,,,,,,,,,,,,,,,,,,,,,,,,,,,,,,,,,,,,,,,,,,
2024-07-02,T-18,Metros,1278700.0,,4395547.0,,3.4375146633299445,,,330225.0,,1841056.0,,5.575156332803392,,,0.011076874951122233,,0.013617181012615031,,1.229334182492999,,,0.2582505669820912,,0.41884542321211227,,1.6218567421041046,,,14164.0,,78796.0,,4.225854278452415,,,128903.5,,232165.11,,1.8010776520837788,,
2024-07-02,T-18,Mumbai,452217.41000000003,,1057562.0,,2.3224183252918102,,,297234.8,,875438.0,,2.9248728762154,,,0.0038993461795290008,,0.0042952168936945725,,1.1015223311651157,,,0.6572829615294997,,0.8277876062378242,,1.2594082833237599,,,1763.35,,4546.0,,2.558195647616018,,,51590.4,,80438.86,,1.5187227815260609,,
2024-07-02,T-18,PAN India,,,,,,,,,,,,,,,,,,,,,,,,,,,,,,,,,,,,,,,,,,
2024-07-02,T-18,Panjim,,,,,,,,,,,,,,,,,,,,,,,,,,,,,,,,,,,,,,,,,,
2024-07-02,T-18,Patna,,,,,,,,,,,,,,,,,,,,,,,,,,,,,,,,,,,,,,,,,,
2024-07-02,T-18,Pune,148955.64,,477005.0,,3.2514983404286784,,,98112.29000000001,,362384.0,,3.755370514120531,,,0.0038928833071672645,,0.004845879557077937,,1.244804730765007,,,0.6586678627498718,,0.7607390843827233,,1.1549661481990552,,,579.87,,2312.0,,4.047480516240188,,,17326.14,,26418.91,,1.6452737285564227,,
2024-07-02,T-18,Punjab C2,,,,,,,,,,,,,,,,,,,,,,,,,,,,,,,,,,,,,,,,,,
2024-07-02,T-18,Ranchi,,,,,,,,,,,,,,,,,,,,,,,,,,,,,,,,,,,,,,,,,,
2024-07-02,T-18,Tamil Nadu C2,,,,,,,,,,,,,,,,,,,,,,,,,,,,,,,,,,,,,,,,,,
2024-07-02,T-18,Thiruvananthapuram,,,,,,,,,,,,,,,,,,,,,,,,,,,,,,,,,,,,,,,,,,
2024-07-02,T-18,UP C2,,,,,,,,,,,,,,,,,,,,,,,,,,,,,,,,,,,,,,,,,,
2024-07-02,T-18,Varanasi,,,,,,,,,,,,,,,,,,,,,,,,,,,,,,,,,,,,,,,,,,
2024-07-02,T-18,Vizag,,,,,,,,,,,,,,,,,,,,,,,,,,,,,,,,,,,,,,,,,,
2024-07-02,T-18,Vijaywada,,,,,,,,,,,,,,,,,,,,,,,,,,,,,,,,,,,,,,,,,,
2024-07-02,T-18,"C1, C2 & Metros",,,,,,,,,,,,,,,,,,,,,,,,,,,,,,,,,,,,,,,,,,
2024-07-02,T-18,"Bhubaneswar, Lucknow",107517.62,,438271.0,,4.076271405561247,,,68350.48,,323428.0,,4.7319048363181455,,,0.004,,0.0054464018837659806,,1.361600470941495,,,0.6357142857142848,,0.737963497470743,,1.1608414566955525,,,430.07,,2387.0,,5.550253065497544,,,8524.61,,21321.36,,2.501153543036032,,
2024-07-02,T-18,"Chandigarh,Jaipur",108922.03,,434133.0,,3.9857223740940597,,,69243.3,,316891.0,,4.5764864332044715,,,0.003999999999999998,,0.006276878283843891,,1.5692195709609733,,,0.6357142857142855,,0.7299399032093852,,1.1482200724642018,,,435.68,,2725.0,,6.254473553845433,,,8635.96,,21600.53,,2.501230084994895,,
2024-07-02,T-18,"Coimbatore, Vizag",50107.54,,137612.0,,2.746333186582299,,,31854.08,,111604.0,,3.503601532475638,,,0.004,,0.00499229718338517,,1.2480742958462925,,,0.6357142857142856,,0.811004854227829,,1.2757379729426526,,,200.43,,687.0,,3.427627858003007,,,3972.8100000000004,,6283.950000000001,,1.5817384879592005,,
2024-07-02,T-18,"Indore,Patna",111300.0,,452386.0,,4.064564240790656,,,70755.0,,325291.0,,4.597427743622359,,,0.004,,0.0060501430194568355,,1.5125357548642089,,,0.6357142857142857,,0.7190562926350506,,1.1310997861674954,,,445.20000000000005,,2737.0,,6.147798742138364,,,8824.5,,22279.53,,2.5247354945889287,,
2024-07-02,T-18,ROC1,890370.5,,2195557.0,,2.4658992893765963,,,169244.52000000002,,456796.0,,2.699029845144691,,,0.014250584338874687,,0.02906178093647008,,2.0393395979694247,,,0.1900832459941494,,0.2080540580916794,,1.0945417993234559,,,12688.3,,63805.0,,5.0288060654303575,,,81050.17,,94343.04,,1.1640099949153793,,
2024-07-02,T-18,Thane & Nagpur,137054.88,,489465.0,,3.5713066003820626,,,87127.73999999999,,362163.0,,4.156689669860448,,,0.0039999999999999905,,0.005448806349790077,,1.3622015874475224,,,0.6357142857142855,,0.7399160307682878,,1.1639128573883184,,,548.22,,2667.0,,4.86483952030226,,,10866.490000000002,,27194.949999999997,,2.502642046675291,,
2024-07-02,T-18,C1,135000.0,,70783.0,,0.5243185185185185,,,114750.0,,61530.0,,0.5362091503267974,,,0.01,,0.029413842306768575,,2.9413842306768574,,,0.85,,0.8692765211985929,,1.0226782602336386,,,1350.0,,2082.0,,1.5422222222222222,,,16200.0,,8493.96,,0.5243185185185185,,
2024-07-03,T-17,AP + TG C2,,,,,,0.0,,,,,,,,,,,,,,,,,,,,,,,,,,,,,,,,,,,,
2024-07-03,T-17,"Ahemdabad, Gandhinagar, Surat, Vadodara",421300.42000000004,577125.0,1016606.0,885782.0,2.413019169516165,2.7241682146579686e-06,0.6360572264232445,267826.69,234900.0,812200.0,537921.0,3.03255801273429,2.29,0.7551380683844638,0.00400000000000001,0.007078947368421053,0.004730446210232873,0.004939138523925752,,0.6977221706660913,,0.6357142857142853,0.4070175438596491,0.7989329199316156,0.607283733469409,0.7601185510310293,1.4920333106791515,,1685.2,4085.4375,4809.0,4375.0,2.8536643464142473,1.0708767420869858,0.3752637353557677,33403.11,50574.375,36959.880000000005,76873.039712,1.1064804402970545,1.5199997965768237,1.3737249581824984
2024-07-03,T-17,Bangalore,959441.05,,1398517.0,,1.5039520644547237,,0.0,650632.03,,1159589.0,,1.8538071289730256,,0.0,0.003827513082499471,,0.004594152234116568,,,,,0.6726757680358287,,0.8291561704291045,,,,,3647.82,,6425.0,,1.8051890582714547,,0.0,106207.33,,112279.99,,1.052070874888252,,0.0
2024-07-03,T-17,Bharuch,,,,,,0.0,,,,,,,,,,,,,,,,,,,,,,,,,,,,,,,,,,,,
2024-07-03,T-17,Bhopal,,,,,,0.0,,,,,,,,,,,,,,,,,,,,,,,,,,,,,,,,,,,,
2024-07-03,T-17,Bhubaneswar,,,,,,0.0,,,,,,,,,,,,,,,,,,,,,,,,,,,,,,,,,,,,
2024-07-03,T-17,Chandigarh,,210900.0,,355148.0,,0.7369171313707691,,,85840.00000000001,,205040.0,,2.388630009319664,,,0.007078947368421053,,0.0057074796986045255,,0.8062610726653233,,,0.40701754385964917,,0.5773367722752205,,1.418456724986533,,,1492.95,,2027.0,,1.3577145919153353,,,18481.5,,29452.464841,,1.5936187452858264,
2024-07-03,T-17,Chennai,445436.47,,596629.0,,1.4209222126247054,,0.0,318363.86,,496929.0,,1.6751461619808674,,0.0,0.0036697014831496176,,0.004927685379021134,,,,,0.7064925393250845,,0.832894478813467,,,,,1617.51,,2940.0,,1.9080183072187091,,0.0,61375.64,,55010.4,,0.8898279059603965,,0.0
2024-07-03,T-17,Coimbatore,,,,,,0.0,,,,,,,,,,,,,,,,,,,,,,,,,,,,,,,,,,,,
2024-07-03,T-17,Dehra Dun,,966150.0,,1503123.0,,1.3576737175470388,,,393240.00000000006,,895654.0,,2.2776268945173426,,,0.007078947368421054,,0.0060108188085738826,,0.8491119506535595,,,0.40701754385964917,,0.5958620818123334,,1.4639714941078878,,,6839.325000000001,,9035.0,,1.3210367982220466,,,84665.25,,127126.224332,,1.501515962357638,
2024-07-03,T-17,Delhi,1912644.59,,2725213.0,,1.4766266128848118,,0.0,1308298.6099999999,,2155935.0,,1.722980271961255,,0.0,0.003802696509640144,,0.00585091880891512,,,,,0.6779936050771109,,0.7911069703542438,,,,,7219.360000000001,,15945.0,,2.271972638671066,,0.0,220064.88,,181026.34,,0.818252829641774,,0.0
2024-07-03,T-17,Durgapur,,315975.3182370616,,584921.0,,1.4727776308997746,,,128607.49794911983,,359755.0,,2.7973096882914836,,,0.007078947368421052,,0.00564520678860906,,0.7974641560116889,,,0.40701754385964917,,0.615048869847381,,1.5111114474698584,,,2236.7726475202517,,3302.0,,1.4762340748670586,,,27689.416045510927,,43946.581464,,1.587125614775279,
2024-07-03,T-17,Gujarat C1,,,,,,0.0,,,,,,,,,,,,,,,,,,,,,,,,,,,,,,,,,,,,
2024-07-03,T-17,Guwahati,,443175.0,,846091.0,,2.3656128333275084,,,180380.00000000003,,444170.0,,2.4624126843330743,,,0.007078947368421053,,0.007255720720348048,,1.024971700272215,,,0.40701754385964917,,0.5249671725618167,,1.2897900360354977,,,3137.2125,,6139.0,,1.9568326978169315,,,38836.125,,72332.96118,,1.862517467435281,
2024-07-03,T-17,Hyderabad,885109.1599999999,,1051233.0,,1.252447010843883,,0.0,625721.36,,842513.0,,1.4357255487635154,,0.0,0.003704002765046049,,0.005415545364348341,,,,,0.699142264632991,,0.8014521994648189,,,,,3246.23,,5693.0,,1.8311767117655495,,0.0,116857.76999999999,,77602.83,,0.6595723776439683,,0.0
2024-07-03,T-17,Imphal,,,,,,0.0,,,,,,,,,,,,,,,,,,,,,,,,,,,,,,,,,,,,
2024-07-03,T-17,Indore,,,,,,0.0,,,,,,,,,,,,,,,,,,,,,,,,,,,,,,,,,,,,
2024-07-03,T-17,Jaipur,,,,,,,,,,,,,,,,,,,,,,,,,,,,,,,,,,,,,,,,,,
2024-07-03,T-17,Kanpur,,43252.86825,,96495.0,,2.848560885608856,,,17604.676199999998,,50234.0,,2.853446404200266,,,0.007078947368421052,,0.006964091403699674,,0.9837749938311808,,,0.40701754385964906,,0.5205865588890616,,1.2790273214084704,,,306.18477787499995,,672.0,,2.194753131307998,,,3790.3171387499997,,7140.667017000001,,1.8839233646171638,
2024-07-03,T-17,Kochi,57670.49,179550.0,136064.0,359544.0,2.359334863301233,6.562019845418734e-06,0.29690725524701267,36661.95,73080.0,112795.0,185548.0,3.0766226193331936,2.5389709906951285,0.8252461562040417,0.004,0.007078947368421053,0.003439557855126999,0.005896357608526356,,0.8329427104981469,,0.6357142857142868,0.4070175438596491,0.8289848894637818,0.5160647931824756,0.6225261759792575,1.2679178108362545,,230.68,1271.025,468.0,2120.0,2.028767190485685,1.667945162368954,0.8221471493580539,4572.4400000000005,15734.25,5056.1,29864.529011,1.10577558383985,1.8980586307577418,1.7164953345837655
2024-07-03,T-17,Kolkata,386709.2,,559454.0,,1.5378299959639319,,0.0,277402.82,,459407.0,,1.781163183577122,,0.0,0.00365806393561181,,0.004733186285199498,,,,,0.7089862995117572,,0.8211702838839297,,,,,1399.53,,2648.0,,1.9898055293687749,,0.0,54033.61,,36586.41,,0.6721313535224805,,0.0
2024-07-03,T-17,Lucknow,,,,,,,,,,,,,,,,,,,,,,,,,,,,,,,,,,,,,,,,,,
2024-07-03,T-17,Madurai,,,,,,0.0,,,,,,,,,,,,,,,,,,,,,,,,,,,,,,,,,,,,
2024-07-03,T-17,Maharashtra C2,,588000.0,,1360640.0,,8.265087319665907,,,349200.0,,888153.0,,2.543393470790378,,,0.0,,0.0,,,,,0.5938775510204082,,0.6527465016462841,,1.0991264117068014,,,0.0,,0.0,,,,,80040.0,,129135.02156899997,,1.6133810790729632,
2024-07-03,T-17,Metros,3821757.1500000004,827925.0,6461505.0,1139450.0,1.7335817606205997,1.5214197732420024e-06,1.004354233173532,1194675.0,336980.00000000006,3557939.0,671621.0,3.192837977296179,1.9930589352483823,0.6242280220358012,0.010314593649868916,0.007078947368421054,0.015334817507685903,0.006546140681907938,,0.9247336279275152,,0.2989732012816777,0.40701754385964917,0.5506362681759126,0.5894256000702093,1.0704445641090692,1.4481577243104278,,38445.15,5860.837500000001,99086.0,7459.0,2.577334680955422,1.272685004489546,0.49379888995159904,361881.68,72552.375,380542.81,100772.67321099999,1.0667801557859018,1.388964499246234,1.3020156887179604
2024-07-03,T-17,Mumbai,1396511.92,,1738466.0,,1.2868046356174343,,0.0,950485.13,,1398316.0,,1.5335853856262218,,0.0,0.0038171017651527704,,0.004748439141173885,,,,,0.6749067646101188,,0.8043389977140767,,,,,5293.4400000000005,,8255.0,,1.6007730143828833,,0.0,157151.27000000002,,157157.3,,0.9950100483286205,,0.0
2024-07-03,T-17,PAN India,,,,,,0.0,,,,,,,,,,,,,,,,,,,,,,,,,,,,,,,,,,,,
2024-07-03,T-17,Panjim,,,,,,0.0,,,,,,,,,,,,,,,,,,,,,,,,,,,,,,,,,,,,
2024-07-03,T-17,Patna,,156750.0,,300880.0,,1.2337594439717476,,,63800.0,,163298.0,,2.5595297805642634,,,0.007078947368421053,,0.005081760170167509,,0.717869466417715,,,0.4070175438596491,,0.5427346450412125,,1.333442877902979,,,1109.625,,1529.0,,1.3779429987608427,,,13736.25,,25362.243188999997,,1.8463731505323504,
2024-07-03,T-17,Pune,463571.94,,790258.0,,1.7654808201436216,,0.0,316679.01,,641806.0,,2.1173560103287707,,0.0,0.0038064943044826506,,0.004561801335766294,,,,,0.6771797918965756,,0.8121474252712405,,,,,1751.72,,3605.0,,2.115797928323855,,0.0,53029.399999999994,,43832.91,,0.8222608501032259,,0.0
2024-07-03,T-17,Punjab C2,,,,,,0.0,,,,,,,,,,,,,,,,,,,,,,,,,,,,,,,,,,,,
2024-07-03,T-17,Ranchi,,,,,,0.0,,,,,,,,,,,,,,,,,,,,,,,,,,,,,,,,,,,,
2024-07-03,T-17,Tamil Nadu C2,,,,,,0.0,,,,,,,,,,,,,,,,,,,,,,,,,,,,,,,,,,,,
2024-07-03,T-17,Thiruvananthapuram,,,,,,0.0,,,,,,,,,,,,,,,,,,,,,,,,,,,,,,,,,,,,
2024-07-03,T-17,UP C2,,,,,,,,,,,,,,,,,,,,,,,,,,,,,,,,,,,,,,,,,,
2024-07-03,T-17,Varanasi,,,,,,,,,,,,,,,,,,,,,,,,,,,,,,,,,,,,,,,,,,
2024-07-03,T-17,Vizag,,,,,,,,,,,,,,,,,,,,,,,,,,,,,,,,,,,,,,,,,,
2024-07-03,T-17,Vijaywada,,,,,,,,,,,,,,,,,,,,,,,,,,,,,,,,,,,,,,,,,,
2024-07-03,T-17,"C1, C2 & Metros",,149050.15466538706,,346629.0,,,,,60666.02786380667,,191451.0,,3.155818944167591,,,0.007078947368421054,,0.006436276249246312,,0.9092137452466909,,,0.40701754385964917,,0.5523225119652424,,1.356999275087018,,,1055.1182001312927,,2231.0,,2.1144550437310126,,,13061.50039567734,,24673.469621000004,,1.8890226140609088,
2024-07-03,T-17,"Bhubaneswar, Lucknow",291833.54,221734.1467996448,828569.0,471775.0,2.8391835976084177,6.0180882785404435e-06,0.0,185522.75,90249.68782020631,678978.0,254908.0,3.6598099070411125,2.82447514397859,0.7717546035777921,0.0040000000000000036,0.007078947368421052,0.004037080798340271,0.007465423136028828,,1.0545950898479386,,0.6357142857142843,0.4070175438596491,0.8194586087579911,0.5403168883471994,0.6593583648674194,1.3275026998185502,,1167.34,1569.6443549764329,3345.0,3522.0,2.8655033962168956,2.2438203844289815,0.7830457948126411,23138.23,19430.913390600454,25579.22,36140.6524,1.1054959514076275,1.8599564350630446,1.6824633619822515
2024-07-03,T-17,"Chandigarh,Jaipur",295645.52999999997,100923.35925000001,820734.0,214877.0,2.77607445170004,1.2919365272691074e-05,0.0,187946.09000000003,41077.5778,657257.0,113942.0,3.49705073841606,2.773824702000808,0.7931897217073759,0.004000000000000006,0.007078947368421052,0.004846880962650506,0.0061616645802016964,,0.870421018764552,,0.6357142857142857,0.40701754385964906,0.800816098760378,0.5302661522638533,0.662157208233798,1.3028090809930881,,1182.58,714.431148375,3978.0,1324.0,3.363825602711336,1.8532226695483347,0.5509270956421125,23440.47,8844.073323749999,25915.93,16442.355856000002,1.1056063734636705,1.8591383465631688,1.6815553809976826
2024-07-03,T-17,"Coimbatore, Vizag",136006.18,96732.8475,304876.0,215970.0,2.2416334316572937,1.0379374133709746e-05,0.0,86461.07,39371.966,247043.0,130591.0,2.857274326005879,3.316852402036515,1.1608449254759063,0.003999999999999994,0.007078947368421051,0.0037753053700520867,0.00590359772190582,,0.833965477443945,,0.6357142857142857,0.4070175438596491,0.8103064852595809,0.604671945177571,0.7462262195567457,1.485616417031101,,544.02,684.7667362499999,1151.0,1275.0,2.11571268305602,1.8619479196409348,0.8800570770088983,10783.349999999999,8476.852162500001,12547.33,14368.940560000001,1.1635840128669073,1.6950797636374373,1.456774710629617
2024-07-03,T-17,"Indore,Patna",302100.0,202260.43439999997,923663.0,536058.0,3.057474346242976,5.7036259998787e-06,0.0,192049.29,119686.72806,748062.0,340355.0,3.895156377269222,2.8437154688477833,0.7300645194741648,0.004000000000000019,0.0,0.00423314563861495,0.0,,,,0.6357142857142888,0.5917456294160911,0.8098862896965668,0.6349219673990502,0.7839643360760322,1.0729643546764571,,1208.4,0.0,3910.0,0.0,3.235683548493871,,0.0,23952.21,27493.856471999996,26338.72,44626.197812,1.0996362364171512,1.623133439190233,1.4760639795563186
2024-07-03,T-17,ROC1,2775519.95,279004.57853451895,3167591.0,521041.0,1.1824134586453219,2.269329013734662e-06,0.0,764357.97,113559.75828071649,972798.0,311247.0,1.4258715887089277,2.7408212619703387,1.9222076403472264,0.012989851177587395,0.007078947368421054,0.03114732931113897,0.005143549164077299,,0.7265980231782058,,0.2546727732371179,0.4070175438596491,0.3071097247087771,0.5973560621908832,1.9450900252583598,1.4676420493482907,,34931.07,1975.058726994358,98662.0,2680.0,2.835215036327221,1.3569216769966232,0.47859568308243716,253121.5,24449.61175052495,230705.66999999998,38904.922857,0.9087200382976877,1.5912286564699614,1.7510658832293633
2024-07-03,T-17,Thane & Nagpur,372006.11,,785042.0,,2.1102933259826586,,0.0,236489.59999999998,,627817.0,,2.6547341316710713,,0.0,0.004000000000000005,,0.004607396801699782,,,,,0.6357142857142861,,0.7997240911951208,,,,,1488.02,,3617.0,,2.430739680195221,,0.0,29494.77,,32642.53,,1.1067226359771138,,0.0
2024-07-03,T-17,C1,366428.57,,442474.0,,1.2075313840155926,,0.0,311464.29,,370888.0,,1.1907882123609668,,0.0,0.01,,0.026543932524848917,,,,,0.8499999999999994,,0.8382142227565913,,,,,3664.29,,11745.0,,3.205263157894732,,0.0,43971.43,,53096.88,,1.2075313840155937,,0.0
2024-07-04,T-16,AP + TG C2,,,,,,,,,,,,,,,,,,,,,,,,,,,,,,,,,,,,,,,,,,
2024-07-04,T-16,"Ahemdabad, Gandhinagar, Surat, Vadodara",421300.42000000004,,980321.0,,,,,267826.69,,798654.0,,,,,,,,,,,,,,,,,,,1685.2,,4576.0,,,,,33403.11,,35676.52,,,,
2024-07-04,T-16,Bangalore,929894.66,1488838.1944444445,1385324.0,1402489.0,,0.9420022976528585,,625517.6,725793.7152777778,1160157.0,774840.0,,1.0675760669868175,,,0.006337963466106822,,0.0071187724110492135,,,,,0.48748998916474295,,0.5524749213719323,,,,3559.1800000000003,9436.202083333334,7429.0,9984.0,,1.0580527962234099,,106722.84,140576.02430555556,133380.02000000002,104325.13194899997,,0.7421260664068805,
2024-07-04,T-16,Bharuch,,0.0,,0.0,,,,,0.0,,0.0,,,,,,,,,,,,,,,,,,,0.0,,0.0,,,,,0.0,,0.0,,,
2024-07-04,T-16,Bhopal,,0.0,,0.0,,,,,0.0,,0.0,,,,,,,,,,,,,,,,,,,0.0,,0.0,,,,,0.0,,0.0,,,
2024-07-04,T-16,Bhubaneswar,,0.0,,0.0,,,,,0.0,,0.0,,,,,,,,,,,,,,,,,,,0.0,,0.0,,,,,0.0,,0.0,,,
2024-07-04,T-16,Chandigarh,,0.0,,0.0,,,,,0.0,,0.0,,,,,,,,,,,,,,,,,,,0.0,,0.0,,,,,0.0,,0.0,,,
2024-07-04,T-16,Chennai,419888.57,681787.9166666667,630190.0,560349.0,,0.8218816824146804,,296648.14999999997,382289.1736111111,527600.0,330535.0,,0.8646203523834061,,,0.005663707127888621,,0.006970655787732288,,,,,0.5607156775088701,,0.5898734538653589,,,,1540.87,3861.4470833333335,4755.0,3906.0,,1.0115378809304327,,61821.38,68585.82291666667,69058.65,39724.382016,,0.5791923217756828,
2024-07-04,T-16,Coimbatore,,0.0,,0.0,,,,,0.0,,0.0,,,,,,,,,,,,,,,,,,,0.0,,0.0,,,,,0.0,,0.0,,,
2024-07-04,T-16,Dehra Dun,,0.0,,0.0,,,,,0.0,,0.0,,,,,,,,,,,,,,,,,,,0.0,,0.0,,,,,0.0,,0.0,,,
2024-07-04,T-16,Delhi,1845566.76,2480869.027777778,2771137.0,2468001.0,,0.9948130966876133,,1251282.46,1205209.5069444445,2223354.0,1390963.0,,1.154125479416848,,,0.006353512380882213,,0.007818068145029115,,,,,0.485801343581609,,0.5635990423018468,,,,7018.13,15762.232083333332,20005.0,19295.0,,1.2241286575396986,,221235.22,233890.12847222222,235372.40000000002,178620.947106,,0.7636959638816642,
2024-07-04,T-16,Durgapur,,0.0,,0.0,,,,,0.0,,0.0,,,,,,,,,,,,,,,,,,,0.0,,0.0,,,,,0.0,,0.0,,,
2024-07-04,T-16,Gujarat C1,,667059.0051671301,,921135.0,,1.3808898356288761,,,271504.7178925863,,486323.0,,1.7912138093762366,,,0.007078947368421051,,0.009136554359567273,,,,,0.4070175438596491,,0.5279606138079652,,,,,4722.07558920942,,8416.0,,1.7822671071237604,,,58455.4338738564,,56107.853526,,0.9598398268170869,
2024-07-04,T-16,Guwahati,,0.0,,0.0,,,,,0.0,,0.0,,,,,,,,,,,,,,,,,,,0.0,,0.0,,,,,0.0,,0.0,,,
2024-07-04,T-16,Hyderabad,839343.29,1359349.7222222225,1012819.0,1316181.0,,0.968243108071077,,586820.37,740996.5694444445,827134.0,699260.0,,0.9436750841157927,,,0.005807393200057461,,0.008280775972301683,,,,,0.5451110610690283,,0.53127951246827,,,,3108.9300000000003,7894.278333333334,9404.0,10899.0,,1.3806201833522043,,117656.26999999999,134957.13194444444,101186.58,91553.785791,,0.6783916082974291,
2024-07-04,T-16,Imphal,,0.0,,0.0,,,,,0.0,,0.0,,,,,,,,,,,,,,,,,,,0.0,,0.0,,,,,0.0,,0.0,,,
2024-07-04,T-16,Indore,,0.0,,0.0,,,,,0.0,,0.0,,,,,,,,,,,,,,,,,,,0.0,,0.0,,,,,0.0,,0.0,,,
2024-07-04,T-16,Jaipur,,0.0,,0.0,,,,,0.0,,0.0,,,,,,,,,,,,,,,,,,,0.0,,0.0,,,,,0.0,,0.0,,,
2024-07-04,T-16,Kanpur,,0.0,,0.0,,,,,0.0,,0.0,,,,,,,,,,,,,,,,,,,0.0,,0.0,,,,,0.0,,0.0,,,
2024-07-04,T-16,Kochi,57670.49,91311.61074999999,118936.0,136211.0,,1.491716101394039,,36661.95,37165.42753333333,98414.0,75400.0,,2.0287671904856857,,,0.007078947368421052,,0.008002290563904531,,,,,0.4070175438596491,,0.5535529435948638,,,,230.68,646.3900866249999,451.0,1090.0,,1.6862882376356094,,4572.4400000000005,8001.78062625,4885.02,7766.056818,,0.9705410808843342,
2024-07-04,T-16,Kolkata,363794.44,591223.75,584905.0,534580.0,,0.9041923637201652,,257925.27000000002,334627.6875,487913.0,293604.0,,0.8774049816185637,,,0.005615126675814359,,0.007250551835085488,,,,,0.5659916190782255,,0.5492236896255004,,,,1330.78,3319.79625,4299.0,3876.0,,1.1675415321045681,,54433.41,59738.46875,55661.340000000004,38789.585619000005,,0.6493233996561053,
2024-07-04,T-16,Lucknow,,0.0,,0.0,,,,,0.0,,0.0,,,,,,,,,,,,,,,,,,,0.0,,0.0,,,,,0.0,,0.0,,,
2024-07-04,T-16,Madurai,,0.0,,0.0,,,,,0.0,,0.0,,,,,,,,,,,,,,,,,,,0.0,,0.0,,,,,0.0,,0.0,,,
2024-07-04,T-16,Maharashtra C2,,0.0,,0.0,,,,,0.0,,0.0,,,,,,,,,,,,,,,,,,,0.0,,0.0,,,,,0.0,,0.0,,,
2024-07-04,T-16,Metros,3727257.1500000004,1241333.3333333335,6986150.0,1895044.0,,1.5266197636949514,,1114350.0,737200.0000000001,3877984.0,1381472.0,,1.8739446554530654,,,0.0,,0.0,,,,,0.5938775510204082,,0.7289920445118953,,,,38445.15,0.0,102733.0,0.0,,,,356720.93,168973.33333333334,459831.35,174800.53603999998,,1.0344859309555747,
2024-07-04,T-16,Mumbai,1350994.51,2012121.9444444445,1812416.0,1653573.0,,0.821805559332816,,911795.33,936040.4583333335,1462827.0,935053.0,,0.9989450687472509,,,0.006543201835431059,,0.007804916988847786,,,,,0.46520066088329365,,0.5654742790309227,,,,5156.88,13165.72,12463.0,12906.0,,0.9802730120342831,,157945.44,186201.15972222222,201234.51,136318.252997,,0.7321020620943591,
2024-07-04,T-16,PAN India,,0.0,,0.0,,,,,0.0,,0.0,,,,,,,,,,,,,,,,,,,0.0,,0.0,,,,,0.0,,0.0,,,
2024-07-04,T-16,Panjim,,0.0,,0.0,,,,,0.0,,0.0,,,,,,,,,,,,,,,,,,,0.0,,0.0,,,,,0.0,,0.0,,,
2024-07-04,T-16,Patna,,0.0,,0.0,,,,,0.0,,0.0,,,,,,,,,,,,,,,,,,,0.0,,0.0,,,,,0.0,,0.0,,,
2024-07-04,T-16,Pune,447616.3,478654.0277777778,827013.0,565906.0,,1.1822860921641094,,303116.72,260265.6458333333,686696.0,343667.0,,1.3204470336437508,,,0.0058199734846759235,,0.006085816372330387,,,,,0.5437448151050878,,0.6072863691143052,,,,1703.85,2785.75375,5960.0,3444.0,,1.2362901781968345,,53307.79,47465.92013888888,61009.67,46442.73659100001,,0.9784438278054031,
2024-07-04,T-16,Punjab C2,,0.0,,0.0,,,,,0.0,,0.0,,,,,,,,,,,,,,,,,,,0.0,,0.0,,,,,0.0,,0.0,,,
2024-07-04,T-16,Ranchi,,0.0,,0.0,,,,,0.0,,0.0,,,,,,,,,,,,,,,,,,,0.0,,0.0,,,,,0.0,,0.0,,,
2024-07-04,T-16,Tamil Nadu C2,,0.0,,0.0,,,,,0.0,,0.0,,,,,,,,,,,,,,,,,,,0.0,,0.0,,,,,0.0,,0.0,,,
2024-07-04,T-16,Thiruvananthapuram,,0.0,,0.0,,,,,0.0,,0.0,,,,,,,,,,,,,,,,,,,0.0,,0.0,,,,,0.0,,0.0,,,
2024-07-04,T-16,UP C2,,0.0,,0.0,,,,,0.0,,0.0,,,,,,,,,,,,,,,,,,,0.0,,0.0,,,,,0.0,,0.0,,,
2024-07-04,T-16,Varanasi,,0.0,,0.0,,,,,0.0,,0.0,,,,,,,,,,,,,,,,,,,0.0,,0.0,,,,,0.0,,0.0,,,
2024-07-04,T-16,Vizag,,0.0,,0.0,,,,,0.0,,0.0,,,,,,,,,,,,,,,,,,,0.0,,0.0,,,,,0.0,,0.0,,,
2024-07-04,T-16,Vijaywada,,0.0,,0.0,,,,,0.0,,0.0,,,,,,,,,,,,,,,,,,,0.0,,0.0,,,,,0.0,,0.0,,,
2024-07-04,T-16,"C1, C2 & Metros",,0.0,,0.0,,,,,0.0,,0.0,,,,,,,,,,,,,,,,,,,0.0,,0.0,,,,,0.0,,0.0,,,
2024-07-04,T-16,"Bhubaneswar, Lucknow",291833.54,314661.43762692827,831648.0,468147.0,,1.4877800201086244,,185522.75,128072.72549025851,695177.0,251165.0,,1.9611123214450852,,,0.007078947368421052,,0.009048439913104217,,,,,0.4070175438596491,,0.5365088316276725,,,,1167.34,2227.471755832729,3322.0,4236.0,,1.901707614881246,,23138.23,27574.278613096605,24724.79,26663.407514,,0.9669666390233693,
2024-07-04,T-16,"Chandigarh,Jaipur",295645.52999999997,468105.4210214723,722894.0,684529.0,,1.4623393989034794,,187946.09000000003,190527.11873154662,584835.0,360908.0,,1.8942605252353637,,,0.007078947368421054,,0.009831577624907053,,,,,0.4070175438596491,,0.5272355152228759,,,,1182.58,3313.6936382835806,3645.0,6730.0,,2.0309662674446844,,23440.47,41020.81715793429,25064.809999999998,39466.449126,,0.9621078237922512,
2024-07-04,T-16,"Coimbatore, Vizag",136006.18,213060.42508333334,283060.0,299299.0,,1.4047611135805091,,86461.07,86719.33091111112,232621.0,156414.0,,1.8036808904848123,,,0.007078947368421053,,0.00775144587853618,,,,,0.40701754385964917,,0.5226011446747233,,,,544.02,1508.2435354583333,1074.0,2320.0,,1.538213123714789,,10783.349999999999,18670.82146125,12142.32,18083.849229,,0.9685620563900618,
2024-07-04,T-16,"Indore,Patna",302100.0,204213.78916666668,939744.0,301214.0,,1.4749934430439844,,192049.29,83118.59488888888,780376.0,169187.0,,2.035489173345212,,,0.007078947368421052,,0.008615137410611725,,,,,0.40701754385964906,,0.561683719880218,,,,1208.4,1445.6186654166665,3844.0,2595.0,,1.7950792017838608,,23952.21,17895.576787500002,25587.53,17038.103302000003,,0.9520846131040078,
2024-07-04,T-16,ROC1,2678919.95,815883.1392888888,3729614.0,1433794.0,,1.7573521635091918,,682247.97,583227.5370155555,1350868.0,1169350.0,,2.0049636304617966,,,0.001429943346645839,,0.0016696959256350633,,,,,0.7148420024023143,,0.8155634630916296,,,,34798.77,1166.6666666666667,105605.0,2394.0,,2.052,,253879.81,106653.69699644443,343481.31,143484.012564,,1.3453261968854526,
2024-07-04,T-16,Thane & Nagpur,372006.11,589009.6657950957,735293.0,806794.0,,1.3697466219181995,,236489.59999999998,239737.26748151262,605162.0,430514.0,,1.7957742011604398,,,0.00707894736842105,,0.007622763679452252,,,,,0.40701754385964906,,0.5336108101944238,,,,1488.02,4169.568423654755,3207.0,6150.0,,1.4749727969709958,,29494.77,51615.84702888601,31505.88,49281.08302599999,,0.9547665273887803,
2024-07-04,T-16,C1,366428.57,10741529.33,385491.0,33013278.0,,3.073424368706723,,311464.29,515833.3333333334,321720.0,593162.0,,1.1499101777059773,,,0.02392694672277174,,0.024433805088970566,,,,,0.04802233625082262,,0.01796737664160463,,,,3664.29,257012.0,9828.0,806640.0,,3.1385304966305076,,43971.43,858112.3333,46258.92,858112.3333,,1.0,
