Geo/Cluster,Genre,Publisher,Devices,Section,Ad Unit,Creative,Language,Ad Size,Targeting,Deal Type,Amazon/Rufus,Personalization,DV,Est Imp,CTR%,VTR,Est Video Views,Est Clicks,Reach,Avg Freq,Net Rate,Total Net Cost,eCPM,eCPC,Reach %,Universe,Start Date,End Date,Rate,cost,5% Buffer,Cost + Buffer,Rate.1,cost.1,5% Buffer.1,Cost + Buffer.1,Total_Days,Campaign Name,Phase/inputs
Delhi+NCR,Entertainment,Youtube,CTV,Instream,Video Ad,Thematic Female+Male,Hinglish,30 Sec,25+ MF; combined men's & women's fashion,Cost per view,Rufus,N,Y,5374581.218181817,,0.4,2149832.487272727,0.0,1791527.0727272723,3.0,0.55,1182407.8679999998,220.0,0.0,0.6759311306677082,2650458.0,2024-04-01,2024-05-12,2.13,11447.857994727268,572.3928997363635,12020.250894463632,1.43,7685.651141999998,384.2825570999999,8069.933699099998,42,XCIC24IN00H_Amz Fashion Thematic H1 24,Core
Delhi+NCR,Entertainment,Youtube,Desktop+Mobile,Instream,Video Ad,Thematic Female,Hinglish,30 Sec,25+ MF; Women's Fashion,Cost per view,Rufus,N,Y,12847460.707845204,0.002,0.37,4753560.4619027255,25694.92141569041,2987781.559964001,4.3,0.4,1901424.1847610902,148.0,74.0,0.3079551898586695,9702001.0,2024-04-01,2024-05-12,2.13,27365.09130771028,1368.254565385514,28733.345873095794,1.43,18371.86881221864,918.593440610932,19290.462252829573,42,XCIC24IN00H_Amz Fashion Thematic H1 24,Core
Delhi+NCR,Entertainment,Youtube,Desktop+Mobile,Instream,Video Ad,Thematic Male,Hinglish,30 Sec,25+ MF; Men's Fashion,Cost per view,Rufus,N,Y,12353327.60369731,0.002,0.37,4570731.213368004,24706.65520739462,3088331.9009243273,4.0,0.4,1828292.4853472018,148.0,74.0,0.31831906644045155,9702001.0,2024-04-01,2024-05-12,2.13,26312.587795875264,1315.6293897937633,27628.21718566903,1.43,17665.25847328715,883.2629236643576,18548.52139695151,42,XCIC24IN00H_Amz Fashion Thematic H1 24,Core
Delhi+NCR,Entertainment,PMP,CTV,Midroll (non-skip),Video Ad,Thematic Female+Male,Hinglish,30 Sec,25+ MF,Cost Per Impression,Rufus,N,N,1313786.5199999998,0.0,0.85,1116718.542,0.0,218964.41999999995,6.0,450.0,591203.9339999999,450.0,0.0,0.29469717300458265,743015.0,2024-04-03,2024-05-12,,,,,1.43,1878.7147235999996,93.93573617999999,1972.6504597799997,40,XCIC24IN00H_Amz Fashion Thematic H1 24,Core
Delhi+NCR,Entertainment,Youtube,CTV,Non-skip Instream,Video Ad,Thematic Female+Male,Hinglish,15 Sec,25+ MF; combined men's & women's fashion,Cost Per Impression (Target Freq),Rufus,N,Y,10993126.065600002,,0.75,8244844.549200002,0.0,1832187.6776000003,6.0,125.0,1374140.7582000003,125.0,0.0,0.6912721037647079,2650458.0,2024-04-08,2024-06-30,2.13,23415.358519728004,1170.7679259864003,24586.126445714406,1.43,15720.170273808002,786.0085136904002,16506.178787498404,84,XCIC24IN00H_Amz Fashion Thematic H1 24,Core
Delhi+NCR,Entertainment,Youtube,Desktop+Mobile,Non-skip Instream,Video Ad,Thematic Female,Hinglish,15 Sec,25+ MF; Women's Fashion,Cost Per Impression (Target Freq),Rufus,N,Y,42675178.82608695,0.0055,0.75,32006384.119565215,234713.48354347824,3556264.9021739126,12.0,115.0,4907645.565,115.00000000000001,20.909090909090914,0.3665496326143352,9702001.0,2024-04-08,2024-06-30,2.13,90898.1308995652,4544.90654497826,95443.03744454347,1.43,61025.50572130434,3051.275286065217,64076.78100736956,84,XCIC24IN00H_Amz Fashion Thematic H1 24,Core
Delhi+NCR,Entertainment,Youtube,Desktop+Mobile,Non-skip Instream,Video Ad,Thematic Male,Hinglish,15 Sec,25+ MF; Men's Fashion,Cost Per Impression (Target Freq),Rufus,N,Y,42675178.82608695,0.0055,0.75,32006384.119565215,234713.48354347824,3556264.9021739126,12.0,115.0,4907645.565,115.00000000000001,20.909090909090914,0.3665496326143352,9702001.0,2024-04-08,2024-06-30,2.13,90898.1308995652,4544.90654497826,95443.03744454347,1.43,61025.50572130434,3051.275286065217,64076.78100736956,84,XCIC24IN00H_Amz Fashion Thematic H1 24,Core
Delhi+NCR,Entertainment,PMP,CTV,Midroll (non-skip),Video Ad,Thematic Female+Male,Hinglish,15 Sec,25+ MF,Cost Per Impression,Rufus,N,N,2355669.8712,0.0,0.85,2002319.39052,0.0,392611.64519999997,6.0,250.0,588917.4678,250.0,0.0,0.5284033905102857,743015.0,2024-04-08,2024-06-30,,,,,1.43,3368.6079158159996,168.4303957908,3537.0383116067997,84,XCIC24IN00H_Amz Fashion Thematic H1 24,Core
Delhi+NCR,Entertainment,PMP,Desktop+Mobile,Midroll (non-skip),Video Ad,Thematic Female,Hinglish,15 Sec,"25+ MF; Women's Fashion, 25K+ Device , PG Deal - S",Cost Per Impression,Rufus,N,N,1620865.0,0.012,0.85,1377735.25,19450.38,324173.0,5.0,200.0,324173.0,200.0,16.666666666666664,0.03875344111879338,8365012.0,2024-04-08,2024-04-22,,,,,,,,,15,XCIC24IN00H_Amz Fashion Thematic H1 24,Core
Delhi+NCR,Entertainment,PMP,Desktop+Mobile,Midroll (non-skip),Video Ad,Thematic Female,Hinglish,15 Sec,"25+ MF; Women's Fashion, 25K+ Device , PG Deal",Cost Per Impression,Rufus,N,N,3414647.7424,0.012,0.85,2902450.5810399996,40975.7729088,682929.54848,5.0,200.0,682929.54848,200.0,16.666666666666668,0.08164119172572616,8365012.0,2024-04-08,2024-06-30,,,,,1.43,4882.9462716319995,244.14731358159997,5127.093585213599,84,XCIC24IN00H_Amz Fashion Thematic H1 24,Core
Delhi+NCR,Entertainment,PMP,Desktop+Mobile,Midroll (non-skip),Video Ad,Thematic Female,Hinglish,15 Sec,"25+ MF; Women's Fashion, 25K+ Device , Auction",Cost Per Impression,Rufus,N,N,1422769.8926666665,0.012,0.85,1209354.4087666664,17073.238712,284553.9785333333,5.0,120.0,170732.38711999997,120.0,10.0,0.03401716321905256,8365012.0,2024-04-24,2024-06-30,,,,,1.43,2034.5609465133332,101.72804732566667,2136.288993839,68,XCIC24IN00H_Amz Fashion Thematic H1 24,Core
Delhi+NCR,Entertainment,PMP,Desktop+Mobile,Midroll (non-skip),Video Ad,Thematic Male,Hinglish,15 Sec,"25+ MF; Men's Fashion, 25K+ Device , PG Deal - S",Cost Per Impression,Rufus,N,N,1621815.0,0.012,0.85,1378542.75,19461.78,324363.0,5.0,200.0,324363.0,200.0,16.666666666666668,0.03877615477419518,8365012.0,2024-04-08,2024-04-22,,,,,,,,,15,XCIC24IN00H_Amz Fashion Thematic H1 24,Core
Delhi+NCR,Entertainment,PMP,Desktop+Mobile,Midroll (non-skip),Video Ad,Thematic Male,Hinglish,15 Sec,"25+ MF; Men's Fashion, 25K+ Device , PG Deal",Cost Per Impression,Rufus,N,N,3413887.7424,0.012,0.85,2901804.5810399996,40966.6529088,682777.54848,5.0,200.0,682777.54848,200.0,16.666666666666664,0.08162302080140471,8365012.0,2024-04-08,2024-06-30,,,,,1.43,4881.859471632,244.09297358160003,5125.9524452136,84,XCIC24IN00H_Amz Fashion Thematic H1 24,Core
Delhi+NCR,Entertainment,PMP,Desktop+Mobile,Midroll (non-skip),Video Ad,Thematic Male,Hinglish,15 Sec,"25+ MF; Men's Fashion, 25K+ Device , Auction",Cost Per Impression,Rufus,N,N,1422453.2259999998,0.012,0.85,1209085.2420999997,17069.438712,284490.64519999997,5.0,120.0,170694.38711999997,120.0,9.999999999999998,0.034009592000585294,8365012.0,2024-04-24,2024-06-30,,,,,1.43,2034.1081131799997,101.705405659,2135.8135188389997,68,XCIC24IN00H_Amz Fashion Thematic H1 24,Core
Delhi+NCR,Entertainment,Youtube,Desktop+Mobile,Instream,Video Ad,Ananya Look + Shorties,Hinglish,6 Sec,25+ MF; Women's Fashion,Cost Per Impression,Rufus,N,Y,29445873.39,0.002,0.9,26501286.051000003,58891.74678,5889174.678,5.0,60.0,1766752.4034000002,60.00000000000001,30.000000000000004,0.6070061916093392,9702001.0,2024-05-06,2024-06-30,2.13,62719.7103207,3135.985516035,65855.695836735,1.43,42107.598947700004,2105.3799473850004,44212.978895085005,56,XCIC24IN00H_Amz Fashion Thematic H1 24,Core
Delhi+NCR,Entertainment,Youtube,Desktop+Mobile,Instream,Video Ad,Aditya Look + Shorties,Hinglish,6 Sec,25+ MF; Men's Fashion,Cost Per Impression,Rufus,N,Y,29445873.39,0.002,0.9,26501286.051000003,58891.74678,5889174.678,5.0,60.0,1766752.4034000002,60.00000000000001,30.000000000000004,0.6070061916093392,9702001.0,2024-05-06,2024-06-30,2.13,62719.7103207,3135.985516035,65855.695836735,1.43,42107.598947700004,2105.3799473850004,44212.978895085005,56,XCIC24IN00H_Amz Fashion Thematic H1 24,Core
Mumbai+Thane,Entertainment,Youtube,CTV,Instream,Video Ad,Thematic Female+Male,Hinglish,30 Sec,25+ MF; combined men's & women's fashion,Cost per view,Rufus,N,Y,4143593.29090909,,0.4,1657437.3163636362,0.0,1381197.7636363634,3.0,0.55,911590.524,220.00000000000003,0.0,0.7990111056686167,1728634.0,2024-04-01,2024-05-12,2.13,8825.853709636362,441.2926854818181,9267.14639511818,1.43,5925.338405999999,296.2669203,6221.6053262999985,42,XCIC24IN00H_Amz Fashion Thematic H1 24,Core
Mumbai+Thane,Entertainment,Youtube,Desktop+Mobile,Instream,Video Ad,Thematic Female,Hinglish,30 Sec,25+ MF; Women's Fashion,Cost per view,Rufus,N,Y,9904893.020158775,0.002,0.37,3664810.417458747,19809.78604031755,2303463.4930601805,4.3,0.4,1465924.166983499,148.00000000000003,74.00000000000001,0.30790463173704014,7481094.0,2024-04-01,2024-05-12,2.13,21097.42213293819,1054.8711066469095,22152.293239585102,1.43,14163.997018827047,708.1998509413525,14872.196869768399,42,XCIC24IN00H_Amz Fashion Thematic H1 24,Core
Mumbai+Thane,Entertainment,Youtube,Desktop+Mobile,Instream,Video Ad,Thematic Male,Hinglish,30 Sec,25+ MF; Men's Fashion,Cost per view,Rufus,N,Y,9523935.596306516,0.002,0.37,3523856.1706334106,19047.87119261303,2380983.899076629,4.0,0.4,1409542.4682533643,148.0,74.0,0.31826680684357517,7481094.0,2024-04-01,2024-05-12,2.13,20285.98282013288,1014.2991410066439,21300.28196113952,1.43,13619.227902718318,680.961395135916,14300.189297854233,42,XCIC24IN00H_Amz Fashion Thematic H1 24,Core
Mumbai+Thane,Entertainment,PMP,CTV,Midroll (non-skip),Video Ad,Thematic Female+Male,Hinglish,30 Sec,25+ MF,Cost Per Impression,Rufus,N,N,1012878.36,0.0,0.85,860946.6059999999,0.0,168813.06,6.0,450.0,455795.262,450.0,0.0,0.245194971568008,688485.0,2024-04-04,2024-05-12,,,,,1.43,1448.4160547999998,72.42080273999998,1520.8368575399998,39,XCIC24IN00H_Amz Fashion Thematic H1 24,Core
Mumbai+Thane,Entertainment,Youtube,CTV,Non-skip Instream,Video Ad,Thematic Female+Male,Hinglish,15 Sec,25+ MF; combined men's & women's fashion,Cost Per Impression (Target Freq),Rufus,N,Y,6170530.912,,0.75,4627898.183999999,0.0,1028421.8186666666,6.0,125.0,771316.3640000001,125.00000000000003,0.0,0.5949332355297111,1728634.0,2024-04-08,2024-06-30,2.13,13143.230842559999,657.161542128,13800.392384687999,1.43,8823.859204159999,441.19296020799993,9265.052164367999,84,XCIC24IN00H_Amz Fashion Thematic H1 24,Core
Mumbai+Thane,Entertainment,Youtube,Desktop+Mobile,Non-skip Instream,Video Ad,Thematic Female,Hinglish,15 Sec,25+ MF; Women's Fashion,Cost Per Impression (Target Freq),Rufus,N,Y,30852654.560000002,0.0055,0.75,23139490.92,169689.60008,2571054.546666667,12.0,115.0,3548055.2744,114.99999999999999,20.90909090909091,0.3436736053131623,7481094.0,2024-04-08,2024-06-30,2.13,65716.1542128,3285.80771064,69001.96192344,1.43,44119.2960208,2205.96480104,46325.26082184,84,XCIC24IN00H_Amz Fashion Thematic H1 24,Core
Mumbai+Thane,Entertainment,Youtube,Desktop+Mobile,Non-skip Instream,Video Ad,Thematic Male,Hinglish,15 Sec,25+ MF; Men's Fashion,Cost Per Impression (Target Freq),Rufus,N,Y,30852654.560000002,0.0055,0.75,23139490.92,169689.60008,2571054.546666667,12.0,115.0,3548055.2744,114.99999999999999,20.90909090909091,0.3436736053131623,7481094.0,2024-04-08,2024-06-30,2.13,65716.1542128,3285.80771064,69001.96192344,1.43,44119.2960208,2205.96480104,46325.26082184,84,XCIC24IN00H_Amz Fashion Thematic H1 24,Core
Mumbai+Thane,Entertainment,PMP,CTV,Midroll (non-skip),Video Ad,Thematic Female+Male,Hinglish,15 Sec,25+ MF,Cost Per Impression,Rufus,N,N,1851159.2736,0.0,0.85,1573485.3825599998,0.0,308526.5456,6.0,250.0,462789.8184,250.0,0.0,0.4481238452544355,688485.0,2024-04-08,2024-06-30,,,,,1.43,2647.157761248,132.3578880624,2779.5156493104,84,XCIC24IN00H_Amz Fashion Thematic H1 24,Core
Mumbai+Thane,Entertainment,PMP,Desktop+Mobile,Midroll (non-skip),Video Ad,Thematic Female,Hinglish,15 Sec,"25+ MF; Women's Fashion, 25K+ Device , PG Deal - S",Cost Per Impression,Rufus,N,N,1042350.0,0.012,0.85,885997.5,12508.2,208470.0,5.0,200.0,208470.0,200.0,16.666666666666664,0.020208149660701415,10316135.0,2024-04-08,2024-04-22,,,,,,,,,15,XCIC24IN00H_Amz Fashion Thematic H1 24,Core
Mumbai+Thane,Entertainment,PMP,Desktop+Mobile,Midroll (non-skip),Video Ad,Thematic Female,Hinglish,15 Sec,"25+ MF; Women's Fashion, 25K+ Device , PG Deal",Cost Per Impression,Rufus,N,N,2868438.5472000004,0.012,0.85,2438172.76512,34421.26256640001,573687.7094400001,5.0,200.0,573687.70944,199.99999999999997,16.666666666666664,0.05561072140292853,10316135.0,2024-04-08,2024-06-30,,,,,1.43,4101.867122496001,205.09335612480004,4306.960478620801,84,XCIC24IN00H_Amz Fashion Thematic H1 24,Core
Mumbai+Thane,Entertainment,PMP,Desktop+Mobile,Midroll (non-skip),Video Ad,Thematic Female,Hinglish,15 Sec,"25+ MF; Women's Fashion, 25K+ Device , Auction",Cost Per Impression,Rufus,N,N,1195182.728,0.012,0.85,1015905.3187999999,14342.192735999999,239036.54559999998,5.0,120.0,143421.92735999997,119.99999999999999,9.999999999999998,0.02317113391788688,10316135.0,2024-04-24,2024-06-30,,,,,1.43,1709.1113010399997,85.455565052,1794.5668660919996,68,XCIC24IN00H_Amz Fashion Thematic H1 24,Core
Mumbai+Thane,Entertainment,PMP,Desktop+Mobile,Midroll (non-skip),Video Ad,Thematic Male,Hinglish,15 Sec,"25+ MF; Men's Fashion, 25K+ Device , PG Deal - S",Cost Per Impression,Rufus,N,N,1146695.0,0.012,0.85,3146970.76512,13760.34,229339.0,5.0,200.0,229339.0,200.0,16.666666666666668,0.02223109720840218,10316135.0,2024-04-08,2024-04-22,,,,,,,,,15,XCIC24IN00H_Amz Fashion Thematic H1 24,Core
Mumbai+Thane,Entertainment,PMP,Desktop+Mobile,Midroll (non-skip),Video Ad,Thematic Male,Hinglish,15 Sec,"25+ MF; Men's Fashion, 25K+ Device , PG Deal",Cost Per Impression,Rufus,N,N,2784962.5472000004,0.012,0.85,3146970.76512,33419.55056640001,556992.50944,5.0,200.0,556992.50944,199.99999999999997,16.666666666666664,0.05399236336476791,10316135.0,2024-04-08,2024-06-30,,,,,1.43,3982.4964424960003,199.12482212480003,4181.6212646208005,84,XCIC24IN00H_Amz Fashion Thematic H1 24,Core
Mumbai+Thane,Entertainment,PMP,Desktop+Mobile,Midroll (non-skip),Video Ad,Thematic Male,Hinglish,15 Sec,"25+ MF; Men's Fashion, 25K+ Device , Auction",Cost Per Impression,Rufus,N,N,1160401.0613333327,0.012,0.85,786742.6912799999,13924.812735999993,232080.21226666652,5.0,120.0,139248.12735999993,120.00000000000001,10.0,0.022496818068653283,10316135.0,2024-04-24,2024-06-30,,,,,1.43,1659.3735177066658,82.9686758853333,1742.3421935919991,68,XCIC24IN00H_Amz Fashion Thematic H1 24,Core
Mumbai+Thane,Entertainment,Youtube,Desktop+Mobile,Instream,Video Ad,Ananya Look + Shorties,Hinglish,6 Sec,25+ MF; Women's Fashion,Cost Per Impression,Rufus,N,Y,28281600.01333333,0.002,0.9,25453440.012,56563.200026666666,5656320.002666666,5.0,60.0,1696896.0008,60.00000000000001,30.0,0.756081931688957,7481094.0,2024-05-06,2024-06-30,2.13,60239.808028399995,3011.99040142,63251.798429819995,1.43,40442.68801906666,2022.1344009533332,42464.82242002,56,XCIC24IN00H_Amz Fashion Thematic H1 24,Core
Mumbai+Thane,Entertainment,Youtube,Desktop+Mobile,Instream,Video Ad,Aditya Look + Shorties,Hinglish,6 Sec,25+ MF; Men's Fashion,Cost Per Impression,Rufus,N,Y,28281600.01333333,0.002,0.9,25453440.012,56563.200026666666,5656320.002666666,5.0,60.0,1696896.0008,60.00000000000001,30.0,0.756081931688957,7481094.0,2024-05-06,2024-06-30,2.13,60239.808028399995,3011.99040142,63251.798429819995,1.43,40442.68801906666,2022.1344009533332,42464.82242002,56,XCIC24IN00H_Amz Fashion Thematic H1 24,Core
Bangalore,Entertainment,Youtube,CTV,Instream,Video Ad,Thematic Female+Male,Hinglish,30 Sec,25+ MF; combined men's & women's fashion,Cost per view,Rufus,N,Y,3030758.2227272717,,0.4,1212303.2890909088,0.0,1010252.7409090906,3.0,0.55,666766.8089999999,220.00000000000003,0.0,0.7262665442452316,1391022.0,2024-04-03,2024-05-12,2.13,6455.5150144090885,322.7757507204544,6778.290765129543,1.43,4333.984258499999,216.69921292499996,4550.683471424999,40,XCIC24IN00H_Amz Fashion Thematic H1 24,Core
Bangalore,Entertainment,Youtube,Desktop+Mobile,Instream,Video Ad,Thematic Female,Hinglish,30 Sec,25+ MF; Women's Fashion,Cost per view,Rufus,N,Y,7244759.2846386805,0.002,0.37,2680560.9353163117,14489.518569277361,1684827.7406136468,4.3,0.4,1072224.3741265247,148.0,74.0,0.3079676245616308,5470795.0,2024-04-03,2024-05-12,2.13,15431.337276280388,771.5668638140195,16202.904140094408,1.43,10360.005777033311,518.0002888516656,10878.006065884976,40,XCIC24IN00H_Amz Fashion Thematic H1 24,Core
Bangalore,Entertainment,Youtube,Desktop+Mobile,Instream,Video Ad,Thematic Male,Hinglish,30 Sec,25+ MF; Men's Fashion,Cost per view,Rufus,N,Y,6966114.696767962,0.002,0.37,2577462.4378041457,13932.229393535923,1741528.6741919904,4.0,0.4,1030984.9751216583,148.0,74.0,0.31833191961899326,5470795.0,2024-04-03,2024-05-12,2.13,14837.824304115757,741.8912152057878,15579.715519321544,1.43,9961.544016378184,498.0772008189092,10459.621217197093,40,XCIC24IN00H_Amz Fashion Thematic H1 24,Core
Bangalore,Entertainment,PMP,CTV,Midroll (non-skip),Video Ad,Thematic Female+Male,Hinglish,30 Sec,25+ MF,Cost Per Impression,Rufus,N,N,740852.0099999999,0.0,0.85,629724.2085,0.0,123475.33499999998,6.0,450.0,333383.40449999995,450.0,0.0,0.29519426945742727,418285.0,2024-04-03,2024-05-12,,,,,1.43,1059.4183742999999,52.970918714999996,1112.3892930149998,40,XCIC24IN00H_Amz Fashion Thematic H1 24,Core
Bangalore,Entertainment,Youtube,CTV,Non-skip Instream,Video Ad,Thematic Female+Male,Hinglish,15 Sec,25+ MF; combined men's & women's fashion,Cost Per Impression (Target Freq),Rufus,N,Y,4513325.992000001,,0.75,3384994.4940000004,0.0,752220.9986666668,6.0,125.0,564165.7490000001,125.0,0.0,0.5407685850163885,1391022.0,2024-04-08,2024-06-30,2.13,9613.384362960001,480.6692181480001,10094.053581108,1.43,6454.0561685600005,322.702808428,6776.7589769880005,84,XCIC24IN00H_Amz Fashion Thematic H1 24,Core
Bangalore,Entertainment,Youtube,Desktop+Mobile,Non-skip Instream,Video Ad,Thematic Female,Hinglish,15 Sec,25+ MF; Women's Fashion,Cost Per Impression (Target Freq),Rufus,N,Y,22566629.96,0.0055,0.75,16924972.47,124116.46478,1880552.4966666668,12.0,115.0,2595162.4454,115.0,20.90909090909091,0.34374391595127707,5470795.0,2024-04-08,2024-06-30,2.13,48066.9218148,2403.34609074,50470.26790554,1.43,32270.2808428,1613.5140421400001,33883.79488494,84,XCIC24IN00H_Amz Fashion Thematic H1 24,Core
Bangalore,Entertainment,Youtube,Desktop+Mobile,Non-skip Instream,Video Ad,Thematic Male,Hinglish,15 Sec,25+ MF; Men's Fashion,Cost Per Impression (Target Freq),Rufus,N,Y,22566629.96,0.0055,0.75,16924972.47,124116.46478,1880552.4966666668,12.0,115.0,2595162.4454,115.0,20.90909090909091,0.34374391595127707,5470795.0,2024-04-08,2024-06-30,2.13,48066.9218148,2403.34609074,50470.26790554,1.43,32270.2808428,1613.5140421400001,33883.79488494,84,XCIC24IN00H_Amz Fashion Thematic H1 24,Core
Bangalore,Entertainment,PMP,CTV,Midroll (non-skip),Video Ad,Thematic Female+Male,Hinglish,15 Sec,25+ MF,Cost Per Impression,Rufus,N,N,1353997.7976,0.0,0.85,1150898.12796,0.0,225666.2996,6.0,250.0,338499.4494,250.0,0.0,0.5395036867207765,418285.0,2024-04-08,2024-06-30,,,,,1.43,1936.2168505679997,96.81084252839999,2033.0276930963996,84,XCIC24IN00H_Amz Fashion Thematic H1 24,Core
Bangalore,Entertainment,PMP,Desktop+Mobile,Midroll (non-skip),Video Ad,Thematic Female,Hinglish,15 Sec,"25+ MF; Women's Fashion, 25K+ Device , PG Deal - S",Cost Per Impression,Rufus,N,N,963735.0,0.012,0.85,819174.75,11564.82,192747.0,5.0,200.0,192747.0,200.0,16.666666666666668,0.06177824102831363,3119982.0,2024-04-08,2024-04-22,,,,,,,,,15,XCIC24IN00H_Amz Fashion Thematic H1 24,Core
Bangalore,Entertainment,PMP,Desktop+Mobile,Midroll (non-skip),Video Ad,Thematic Female,Hinglish,15 Sec,"25+ MF; Women's Fashion, 25K+ Device , PG Deal",Cost Per Impression,Rufus,N,N,1937007.5951999999,0.012,0.85,1646456.4559199999,23244.0911424,387401.51904,5.0,200.0,387401.51904,200.0,16.666666666666664,0.12416786989155706,3119982.0,2024-04-08,2024-06-30,,,,,1.43,2769.9208611359995,138.49604305679998,2908.4169041927994,84,XCIC24IN00H_Amz Fashion Thematic H1 24,Core
Bangalore,Entertainment,PMP,Desktop+Mobile,Midroll (non-skip),Video Ad,Thematic Female,Hinglish,15 Sec,"25+ MF; Women's Fashion, 25K+ Device , Auction",Cost Per Impression,Rufus,N,N,807086.4979999998,0.012,0.85,686023.5232999998,9685.037975999998,161417.29959999997,5.0,120.0,96850.37975999998,120.00000000000001,10.0,0.05173661245481544,3119982.0,2024-04-24,2024-06-30,,,,,1.43,1154.1336921399998,57.70668460699999,1211.8403767469997,68,XCIC24IN00H_Amz Fashion Thematic H1 24,Core
Bangalore,Entertainment,PMP,Desktop+Mobile,Midroll (non-skip),Video Ad,Thematic Male,Hinglish,15 Sec,"25+ MF; Men's Fashion, 25K+ Device , PG Deal - S",Cost Per Impression,Rufus,N,N,930435.0,0.012,0.85,790869.75,11165.22,186087.0,5.0,200.0,186087.0,200.0,16.666666666666668,0.05964361332853843,3119982.0,2024-04-08,2024-04-22,,,,,,,,,15,XCIC24IN00H_Amz Fashion Thematic H1 24,Core
Bangalore,Entertainment,PMP,Desktop+Mobile,Midroll (non-skip),Video Ad,Thematic Male,Hinglish,15 Sec,"25+ MF; Men's Fashion, 25K+ Device , PG Deal",Cost Per Impression,Rufus,N,N,1963647.5951999999,0.012,0.85,1669100.4559199999,23563.771142399997,392729.51904,5.0,200.0,392729.51904,200.0,16.666666666666668,0.12587557205137723,3119982.0,2024-04-08,2024-06-30,,,,,1.43,2808.0160611359997,140.4008030568,2948.4168641928,84,XCIC24IN00H_Amz Fashion Thematic H1 24,Core
Bangalore,Entertainment,PMP,Desktop+Mobile,Midroll (non-skip),Video Ad,Thematic Male,Hinglish,15 Sec,"25+ MF; Men's Fashion, 25K+ Device , Auction",Cost Per Impression,Rufus,N,N,818186.4979999998,0.012,0.85,695458.5232999998,9818.237975999999,163637.29959999997,5.0,120.0,98182.37975999998,120.00000000000001,10.0,0.052448155021407164,3119982.0,2024-04-24,2024-06-30,,,,,1.43,1170.0066921399998,58.50033460699999,1228.5070267469998,68,XCIC24IN00H_Amz Fashion Thematic H1 24,Core
Bangalore,Entertainment,Youtube,Desktop+Mobile,Instream,Video Ad,Ananya Look + Shorties,Hinglish,6 Sec,25+ MF; Women's Fashion,Cost Per Impression,Rufus,N,Y,20686077.463333335,0.002,0.9,18617469.717,41372.15492666667,4137215.492666667,5.0,60.0,1241164.6478000002,60.00000000000001,30.0,0.7562366150928095,5470795.0,2024-05-06,2024-06-30,2.13,44061.3449969,2203.067249845,46264.412246745,1.43,29581.09077256667,1479.0545386283336,31060.145311195003,56,XCIC24IN00H_Amz Fashion Thematic H1 24,Core
Bangalore,Entertainment,Youtube,Desktop+Mobile,Instream,Video Ad,Aditya Look + Shorties,Hinglish,6 Sec,25+ MF; Men's Fashion,Cost Per Impression,Rufus,N,Y,20686077.463333335,0.002,0.9,18617469.717,41372.15492666667,4137215.492666667,5.0,60.0,1241164.6478000002,60.00000000000001,30.0,0.7562366150928095,5470795.0,2024-05-06,2024-06-30,2.13,44061.3449969,2203.067249845,46264.412246745,1.43,29581.09077256667,1479.0545386283336,31060.145311195003,56,XCIC24IN00H_Amz Fashion Thematic H1 24,Core
Hyderabad,Entertainment,Youtube,CTV,Instream,Video Ad,Thematic Female+Male,Hinglish,30 Sec,25+ MF; combined men's & women's fashion,Cost per view,Rufus,N,Y,2832384.9272727272,,0.4,1132953.970909091,0.0,944128.3090909091,3.0,0.55,623124.684,220.0,0.0,0.6577852017683302,1435314.0,2024-04-03,2024-05-12,2.13,6032.979895090909,301.64899475454547,6334.628889845454,1.43,4050.310446,202.51552230000001,4252.8259683,40,XCIC24IN00H_Amz Fashion Thematic H1 24,Core
Hyderabad,Entertainment,Youtube,Desktop+Mobile,Instream,Video Ad,Thematic Female,Hinglish,30 Sec,25+ MF; Women's Fashion,Cost per view,Rufus,N,Y,6093508.931556444,0.002,0.37,2254598.304675884,12187.017863112887,1417095.1003619637,4.3,0.4,901839.3218703538,148.00000000000003,74.00000000000001,0.3196136701483417,4433775.0,2024-04-03,2024-05-12,2.13,12979.174024215225,648.9587012107613,13628.132725425985,1.43,8713.717772125714,435.68588860628574,9149.403660732,40,XCIC24IN00H_Amz Fashion Thematic H1 24,Core
Hyderabad,Entertainment,Youtube,Desktop+Mobile,Instream,Video Ad,Thematic Male,Hinglish,30 Sec,25+ MF; Men's Fashion,Cost per view,Rufus,N,Y,5859143.203419657,0.002,0.37,2167882.985265273,11718.286406839316,1464785.8008549144,4.0,0.4,867153.1941061093,148.0,74.0,0.3303698994321801,4433775.0,2024-04-03,2024-05-12,2.13,12479.975023283869,623.9987511641934,13103.973774448063,1.43,8378.57478089011,418.92873904450556,8797.503519934617,40,XCIC24IN00H_Amz Fashion Thematic H1 24,Core
Hyderabad,Entertainment,PMP,CTV,Midroll (non-skip),Video Ad,Thematic Female+Male,Hinglish,30 Sec,25+ MF,Cost Per Impression,Rufus,N,N,484652.532,0.0,0.85,411954.6522,0.0,80775.422,6.0,450.0,218093.63940000001,450.0,0.0,0.15929522363335177,507079.99999999994,2024-04-03,2024-05-12,,,,,1.43,693.05312076,34.652656037999996,727.705776798,40,XCIC24IN00H_Amz Fashion Thematic H1 24,Core
Hyderabad,Entertainment,Youtube,CTV,Non-skip Instream,Video Ad,Thematic Female+Male,Hinglish,15 Sec,25+ MF; combined men's & women's fashion,Cost Per Impression (Target Freq),Rufus,N,Y,3855815.4599999995,,0.75,2891861.5949999997,0.0,642635.9099999999,6.0,125.0,481976.93249999994,125.0,0.0,0.4477319318281574,1435314.0,2024-04-08,2024-06-30,2.13,8212.886929799999,410.64434649,8623.53127629,1.43,5513.816107799999,275.69080539,5789.506913189999,84,XCIC24IN00H_Amz Fashion Thematic H1 24,Core
Hyderabad,Entertainment,Youtube,Desktop+Mobile,Non-skip Instream,Video Ad,Thematic Female,Hinglish,15 Sec,25+ MF; Women's Fashion,Cost Per Impression (Target Freq),Rufus,N,Y,17602635.79565217,0.0055,0.75,13201976.846739128,96814.49687608692,1466886.3163043475,12.0,115.0,2024303.1164999995,115.0,20.90909090909091,0.33084365271227056,4433775.0,2024-04-08,2024-06-30,2.13,37493.614244739125,1874.6807122369564,39368.29495697608,1.43,25171.7691877826,1258.58845938913,26430.35764717173,84,XCIC24IN00H_Amz Fashion Thematic H1 24,Core
Hyderabad,Entertainment,Youtube,Desktop+Mobile,Non-skip Instream,Video Ad,Thematic Male,Hinglish,15 Sec,25+ MF; Men's Fashion,Cost Per Impression (Target Freq),Rufus,N,Y,17602635.79565217,0.0055,0.75,13201976.846739128,96814.49687608692,1466886.3163043475,12.0,115.0,2024303.1164999995,115.0,20.90909090909091,0.33084365271227056,4433775.0,2024-04-08,2024-06-30,2.13,37493.614244739125,1874.6807122369564,39368.29495697608,1.43,25171.7691877826,1258.58845938913,26430.35764717173,84,XCIC24IN00H_Amz Fashion Thematic H1 24,Core
Hyderabad,Entertainment,PMP,CTV,Midroll (non-skip),Video Ad,Thematic Female+Male,Hinglish,15 Sec,25+ MF,Cost Per Impression,Rufus,N,N,1156744.6379999998,0.0,0.85,983232.9422999998,0.0,192790.77299999996,6.0,250.0,289186.15949999995,250.0,0.0,0.38019794312534505,507079.99999999994,2024-04-08,2024-06-30,,,,,1.43,1654.1448323399998,82.707241617,1736.8520739569997,84,XCIC24IN00H_Amz Fashion Thematic H1 24,Core
Hyderabad,Entertainment,PMP,Desktop+Mobile,Midroll (non-skip),Video Ad,Thematic Female,Hinglish,15 Sec,"25+ MF; Women's Fashion, 25K+ Device , PG Deal - S",Cost Per Impression,Rufus,N,N,704420.0,0.012,0.85,598757.0,8453.04,140884.0,5.0,200.0,140884.0,200.0,16.666666666666664,0.03396371424424926,4148074.0,2024-04-08,2024-04-22,,,,,,,,,15,XCIC24IN00H_Amz Fashion Thematic H1 24,Core
Hyderabad,Entertainment,PMP,Desktop+Mobile,Midroll (non-skip),Video Ad,Thematic Female,Hinglish,15 Sec,"25+ MF; Women's Fashion, 25K+ Device , PG Deal",Cost Per Impression,Rufus,N,N,1749953.2759999996,0.012,0.85,1487460.2845999997,20999.439311999995,349990.6551999999,5.0,200.0,349990.6551999999,200.0,16.666666666666668,0.08437425542553,4148074.0,2024-04-08,2024-06-30,,,,,1.43,2502.4331846799996,125.12165923399999,2627.554843914,84,XCIC24IN00H_Amz Fashion Thematic H1 24,Core
Hyderabad,Entertainment,PMP,Desktop+Mobile,Midroll (non-skip),Video Ad,Thematic Female,Hinglish,15 Sec,"25+ MF; Women's Fashion, 25K+ Device , Auction",Cost Per Impression,Rufus,N,N,729147.1983333331,0.012,0.85,619775.1185833331,8749.766379999997,145829.4396666666,5.0,120.0,87497.66379999998,120.00000000000001,10.0,0.035155939760637495,4148074.0,2024-04-24,2024-06-30,,,,,1.43,1042.6804936166664,52.13402468083332,1094.8145182974997,68,XCIC24IN00H_Amz Fashion Thematic H1 24,Core
Hyderabad,Entertainment,PMP,Desktop+Mobile,Midroll (non-skip),Video Ad,Thematic Male,Hinglish,15 Sec,"25+ MF; Men's Fashion, 25K+ Device , PG Deal - S",Cost Per Impression,Rufus,N,N,667120.0,0.012,0.85,567052.0,8005.4400000000005,133424.0,5.0,200.0,133424.0,200.0,16.666666666666664,0.03216528924025946,4148074.0,2024-04-08,2024-04-22,,,,,,,,,15,XCIC24IN00H_Amz Fashion Thematic H1 24,Core
Hyderabad,Entertainment,PMP,Desktop+Mobile,Midroll (non-skip),Video Ad,Thematic Male,Hinglish,15 Sec,"25+ MF; Men's Fashion, 25K+ Device , PG Deal",Cost Per Impression,Rufus,N,N,1779793.2759999996,0.012,0.85,1512824.2845999997,21357.519311999997,355958.6551999999,5.0,200.0,355958.6551999999,200.0,16.666666666666664,0.08581299542872184,4148074.0,2024-04-08,2024-06-30,,,,,1.43,2545.1043846799994,127.25521923399998,2672.3596039139993,84,XCIC24IN00H_Amz Fashion Thematic H1 24,Core
Hyderabad,Entertainment,PMP,Desktop+Mobile,Midroll (non-skip),Video Ad,Thematic Male,Hinglish,15 Sec,"25+ MF; Men's Fashion, 25K+ Device , Auction",Cost Per Impression,Rufus,N,N,741580.5316666665,0.012,0.85,630343.4519166665,8898.966379999998,148316.1063333333,5.0,120.0,88989.66379999998,120.0,10.0,0.03575541476196743,4148074.0,2024-04-24,2024-06-30,,,,,1.43,1060.4601602833332,53.02300801416666,1113.4831682974998,68,XCIC24IN00H_Amz Fashion Thematic H1 24,Core
Hyderabad,Entertainment,Youtube,Desktop+Mobile,Instream,Video Ad,Ananya Look + Shorties,Hinglish,6 Sec,25+ MF; Women's Fashion,Cost Per Impression,Rufus,N,Y,20885667.074999996,0.002,0.9,18797100.367499996,41771.334149999995,4177133.414999999,5.0,60.0,1253140.0244999998,60.00000000000001,30.0,0.9421166872473229,4433775.0,2024-05-06,2024-06-30,2.13,44486.47086974999,2224.3235434874996,46710.79441323749,1.43,29866.503917249993,1493.3251958624996,31359.829113112493,56,XCIC24IN00H_Amz Fashion Thematic H1 24,Core
Hyderabad,Entertainment,Youtube,Desktop+Mobile,Instream,Video Ad,Aditya Look + Shorties,Hinglish,6 Sec,25+ MF; Men's Fashion,Cost Per Impression,Rufus,N,Y,20885667.074999996,0.002,0.9,18797100.367499996,41771.334149999995,4177133.414999999,5.0,60.0,1253140.0244999998,60.00000000000001,30.0,0.9421166872473229,4433775.0,2024-05-06,2024-06-30,2.13,44486.47086974999,2224.3235434874996,46710.79441323749,1.43,29866.503917249993,1493.3251958624996,31359.829113112493,56,XCIC24IN00H_Amz Fashion Thematic H1 24,Core
Chennai+Kanchipuram,Entertainment,Youtube,CTV,Instream,Video Ad,Thematic Female+Male,Hinglish + Tamil,30 Sec,25+ MF; combined men's & women's fashion,Cost per view,Rufus,N,Y,1738995.3409090908,,0.4,695598.1363636364,0.0,579665.1136363636,3.0,0.55,382578.97500000003,220.00000000000003,0.0,0.7500648451597574,772820.0,2024-04-03,2024-05-12,2.13,3704.060076136363,185.20300380681817,3889.2630799431813,1.43,2486.7633375,124.33816687500001,2611.101504375,40,XCIC24IN00H_Amz Fashion Thematic H1 24,Core
Chennai+Kanchipuram,Entertainment,Youtube,Desktop+Mobile,Instream,Video Ad,Thematic Female,Hinglish + Tamil,30 Sec,25+ MF; Women's Fashion,Cost per view,Rufus,N,Y,2647634.7402101746,0.002,0.37,979624.8538777645,5295.269480420349,615729.0093512035,4.3,0.4,391849.9415511058,148.0,74.0,0.3127351990329403,1968851.0,2024-04-03,2024-05-12,2.13,5639.461996647672,281.97309983238364,5921.435096480056,1.43,3786.1176785005496,189.3058839250275,3975.423562425577,40,XCIC24IN00H_Amz Fashion Thematic H1 24,Core
Chennai+Kanchipuram,Entertainment,Youtube,Desktop+Mobile,Instream,Video Ad,Thematic Male,Hinglish + Tamil,30 Sec,25+ MF; Men's Fashion,Cost per view,Rufus,N,Y,2532520.186287992,0.002,0.37,937032.4689265571,5065.040372575984,633130.046571998,4.0,0.4,374812.9875706229,148.00000000000003,74.00000000000001,0.3215733677012623,1968851.0,2024-04-03,2024-05-12,2.13,5394.267996793423,269.7133998396711,5663.981396633094,1.43,3621.5038663918285,181.07519331959145,3802.57905971142,40,XCIC24IN00H_Amz Fashion Thematic H1 24,Core
Chennai+Kanchipuram,Entertainment,PMP,CTV,Midroll (non-skip),Video Ad,Thematic Female+Male,Hinglish + Tamil,30 Sec,25+ MF,Cost Per Impression,Rufus,N,N,476098.28000000014,0.0,0.85,404683.5380000001,0.0,79349.71333333336,6.0,450.0,214244.22600000005,449.99999999999994,0.0,0.13923322892996792,569905.0,2024-04-03,2024-05-12,,,,,1.43,680.8205404000001,34.04102702000001,714.8615674200001,40,XCIC24IN00H_Amz Fashion Thematic H1 24,Core
Chennai+Kanchipuram,Entertainment,Youtube,CTV,Non-skip Instream,Video Ad,Thematic Female+Male,Hinglish + Tamil,15 Sec,25+ MF; combined men's & women's fashion,Cost Per Impression (Target Freq),Rufus,N,Y,2354435.4960000007,,0.75,1765826.6220000004,0.0,392405.91600000014,6.0,125.0,294304.4370000001,125.0,0.0,0.5077584896871201,772820.0,2024-04-08,2024-06-30,2.13,5014.947606480002,250.74738032400012,5265.694986804002,1.43,3366.842759280001,168.34213796400005,3535.1848972440007,84,XCIC24IN00H_Amz Fashion Thematic H1 24,Core
Chennai+Kanchipuram,Entertainment,Youtube,Desktop+Mobile,Non-skip Instream,Video Ad,Thematic Female,Hinglish + Tamil,15 Sec,25+ MF; Women's Fashion,Cost Per Impression (Target Freq),Rufus,N,Y,7311911.478260872,0.0055,0.75,5483933.608695654,40215.513130434796,609325.9565217394,12.0,115.0,840869.8200000002,114.99999999999999,20.909090909090907,0.3094830215804748,1968851.0,2024-04-08,2024-06-30,2.13,15574.371448695656,778.7185724347828,16353.09002113044,1.43,10456.033413913046,522.8016706956523,10978.835084608698,84,XCIC24IN00H_Amz Fashion Thematic H1 24,Core
Chennai+Kanchipuram,Entertainment,Youtube,Desktop+Mobile,Non-skip Instream,Video Ad,Thematic Male,Hinglish + Tamil,15 Sec,25+ MF; Men's Fashion,Cost Per Impression (Target Freq),Rufus,N,Y,7311911.478260872,0.0055,0.75,5483933.608695654,40215.513130434796,609325.9565217394,12.0,115.0,840869.8200000002,114.99999999999999,20.909090909090907,0.3094830215804748,1968851.0,2024-04-08,2024-06-30,2.13,15574.371448695656,778.7185724347828,16353.09002113044,1.43,10456.033413913046,522.8016706956523,10978.835084608698,84,XCIC24IN00H_Amz Fashion Thematic H1 24,Core
Chennai+Kanchipuram,Entertainment,PMP,CTV,Midroll (non-skip),Video Ad,Thematic Female+Male,Hinglish + Tamil,15 Sec,25+ MF,Cost Per Impression,Rufus,N,N,504521.89200000005,0.0,0.85,428843.6082,0.0,84086.982,6.0,250.0,126130.47300000001,250.0,0.0,0.1475456119879629,569905.0,2024-04-08,2024-06-30,,,,,1.43,721.46630556,36.073315278,757.539620838,84,XCIC24IN00H_Amz Fashion Thematic H1 24,Core
Chennai+Kanchipuram,Entertainment,PMP,Desktop+Mobile,Midroll (non-skip),Video Ad,Thematic Female,Hinglish + Tamil,15 Sec,"25+ MF; Women's Fashion, 25K+ Device , PG Deal - S",Cost Per Impression,Rufus,N,N,298305.0,0.012,0.85,253559.25,3579.66,59661.0,5.0,200.0,59661.0,200.0,16.666666666666668,0.01338590379811362,4457002.0,2024-04-08,2024-04-22,,,,,,,,,15,XCIC24IN00H_Amz Fashion Thematic H1 24,Core
Chennai+Kanchipuram,Entertainment,PMP,Desktop+Mobile,Midroll (non-skip),Video Ad,Thematic Female,Hinglish + Tamil,15 Sec,"25+ MF; Women's Fashion, 25K+ Device , PG Deal",Cost Per Impression,Rufus,N,N,770399.7840000001,0.012,0.85,654839.8164000001,9244.797408000002,154079.9568,5.0,200.0,154079.9568,199.99999999999997,16.666666666666664,0.034570313587474276,4457002.0,2024-04-08,2024-06-30,,,,,1.43,1101.67169112,55.083584556000005,1156.755275676,84,XCIC24IN00H_Amz Fashion Thematic H1 24,Core
Chennai+Kanchipuram,Entertainment,PMP,Desktop+Mobile,Midroll (non-skip),Video Ad,Thematic Female,Hinglish + Tamil,15 Sec,"25+ MF; Women's Fashion, 25K+ Device , Auction",Cost Per Impression,Rufus,N,N,320999.9100000001,0.012,0.85,272849.9235000001,3851.9989200000014,64199.98200000002,5.0,120.0,38519.98920000001,120.0,10.0,0.014404297328114284,4457002.0,2024-04-24,2024-06-30,,,,,1.43,459.02987130000014,22.951493565000007,481.98136486500016,68,XCIC24IN00H_Amz Fashion Thematic H1 24,Core
Chennai+Kanchipuram,Entertainment,PMP,Desktop+Mobile,Midroll (non-skip),Video Ad,Thematic Male,Hinglish + Tamil,15 Sec,"25+ MF; Men's Fashion, 25K+ Device , PG Deal - S",Cost Per Impression,Rufus,N,N,297970.0,0.012,0.85,253274.5,3575.64,59594.0,5.0,200.0,59594.0,200.0,16.666666666666668,0.013370871271765191,4457002.0,2024-04-08,2024-04-22,,,,,,,,,15,XCIC24IN00H_Amz Fashion Thematic H1 24,Core
Chennai+Kanchipuram,Entertainment,PMP,Desktop+Mobile,Midroll (non-skip),Video Ad,Thematic Male,Hinglish + Tamil,15 Sec,"25+ MF; Men's Fashion, 25K+ Device , PG Deal",Cost Per Impression,Rufus,N,N,770667.7840000001,0.012,0.85,655067.6164,9248.013408,154133.55680000002,5.0,200.0,154133.55680000002,200.0,16.666666666666668,0.03458233960855302,4457002.0,2024-04-08,2024-06-30,,,,,1.43,1102.05493112,55.102746556,1157.157677676,84,XCIC24IN00H_Amz Fashion Thematic H1 24,Core
Chennai+Kanchipuram,Entertainment,PMP,Desktop+Mobile,Midroll (non-skip),Video Ad,Thematic Male,Hinglish + Tamil,15 Sec,"25+ MF; Men's Fashion, 25K+ Device , Auction",Cost Per Impression,Rufus,N,N,321111.5766666667,0.012,0.85,272944.8401666667,3853.3389200000006,64222.31533333335,5.0,120.0,38533.389200000005,120.0,10.0,0.014409308170230426,4457002.0,2024-04-24,2024-06-30,,,,,1.43,459.1895546333334,22.95947773166667,482.14903236500004,68,XCIC24IN00H_Amz Fashion Thematic H1 24,Core
Chennai+Kanchipuram,Entertainment,Youtube,Desktop+Mobile,Instream,Video Ad,Ananya Look + Shorties,Hinglish + Tamil,6 Sec,25+ MF; Women's Fashion,Cost Per Impression,Rufus,N,Y,9109423.050000003,0.002,0.9,8198480.745000003,18218.846100000006,1821884.6100000006,5.0,60.0,546565.3830000001,60.0,29.999999999999996,0.9253542345256196,1968851.0,2024-05-06,2024-06-30,2.13,19403.071096500007,970.1535548250004,20373.224651325007,1.43,13026.474961500004,651.3237480750003,13677.798709575003,56,XCIC24IN00H_Amz Fashion Thematic H1 24,Core
Chennai+Kanchipuram,Entertainment,Youtube,Desktop+Mobile,Instream,Video Ad,Aditya Look + Shorties,Hinglish + Tamil,6 Sec,25+ MF; Men's Fashion,Cost Per Impression,Rufus,N,Y,9109423.050000003,0.002,0.9,8198480.745000003,18218.846100000006,1821884.6100000006,5.0,60.0,546565.3830000001,60.0,29.999999999999996,0.9253542345256196,1968851.0,2024-05-06,2024-06-30,2.13,19403.071096500007,970.1535548250004,20373.224651325007,1.43,13026.474961500004,651.3237480750003,13677.798709575003,56,XCIC24IN00H_Amz Fashion Thematic H1 24,Core
"Kolkata+NTP,STP,Howrah",Entertainment,Youtube,CTV,Instream,Video Ad,Thematic Female+Male,Hinglish + Bengali,30 Sec,25+ MF; combined men's & women's fashion,Cost per view,Rufus,N,Y,1421716.2283636364,,0.4,568686.4913454546,0.0,473905.4094545455,3.0,0.55,312777.57024000003,220.0,0.0,0.8497999871868794,557667.0,2024-04-01,2024-05-12,2.13,3028.2555664145452,151.41277832072726,3179.6683447352725,1.43,2033.05420656,101.65271032800001,2134.706916888,42,XCIC24IN00H_Amz Fashion Thematic H1 24,Core
"Kolkata+NTP,STP,Howrah",Entertainment,Youtube,Desktop+Mobile,Instream,Video Ad,Thematic Female,Hinglish + Bengali,30 Sec,25+ MF; Women's Fashion,Cost per view,Rufus,N,Y,2352798.5610710434,0.002,0.37,870535.467596286,4705.597122142087,547162.4560630333,4.3,0.4,348214.1870385144,148.0,74.0,0.32309544314590505,1693501.0,2024-04-01,2024-05-12,2.13,5011.460935081322,250.5730467540661,5262.033981835388,1.43,3364.501942331592,168.2250971165796,3532.7270394481716,42,XCIC24IN00H_Amz Fashion Thematic H1 24,Core
"Kolkata+NTP,STP,Howrah",Entertainment,Youtube,Desktop+Mobile,Instream,Video Ad,Thematic Male,Hinglish + Bengali,30 Sec,25+ MF; Men's Fashion,Cost per view,Rufus,N,Y,2254765.2876930833,0.002,0.37,834263.1564464408,4509.530575386167,563691.3219232708,4.0,0.4,333705.26257857634,148.0,74.0,0.3328556179909376,1693501.0,2024-04-01,2024-05-12,2.13,4802.650062786267,240.13250313931337,5042.7825659255805,1.43,3224.314361401109,161.21571807005546,3385.5300794711648,42,XCIC24IN00H_Amz Fashion Thematic H1 24,Core
"Kolkata+NTP,STP,Howrah",Entertainment,PMP,CTV,Midroll (non-skip),Video Ad,Thematic Female+Male,Hinglish + Bengali,30 Sec,25+ MF,Cost Per Impression,Rufus,N,N,318569.74746666674,0.0,0.85,270784.2853466667,0.0,53094.95791111112,6.0,450.0,143356.38636000003,450.0,0.0,0.2533398125351232,209580.0,2024-04-03,2024-05-12,,,,,1.43,455.5547388773334,22.77773694386667,478.3324758212001,40,XCIC24IN00H_Amz Fashion Thematic H1 24,Core
"Kolkata+NTP,STP,Howrah",Entertainment,Youtube,CTV,Non-skip Instream,Video Ad,Thematic Female+Male,Hinglish + Bengali,15 Sec,25+ MF; combined men's & women's fashion,Cost Per Impression (Target Freq),Rufus,N,Y,1412658.576,,0.75,1059493.932,0.0,235443.096,6.0,125.0,176582.32200000001,125.00000000000003,0.0,0.4221929861368881,557667.0,2024-04-08,2024-06-30,2.13,3008.9627668799994,150.44813834399997,3159.410905223999,1.43,2020.1017636799997,101.00508818399999,2121.1068518639995,84,XCIC24IN00H_Amz Fashion Thematic H1 24,Core
"Kolkata+NTP,STP,Howrah",Entertainment,Youtube,Desktop+Mobile,Non-skip Instream,Video Ad,Thematic Female,Hinglish + Bengali,15 Sec,25+ MF; Women's Fashion,Cost Per Impression (Target Freq),Rufus,N,Y,7063292.880000001,0.0055,0.75,5297469.66,38848.11084,588607.7400000001,12.0,115.0,812278.6812,114.99999999999999,20.909090909090907,0.3475685812999225,1693501.0,2024-04-08,2024-06-30,2.13,15044.813834400002,752.2406917200001,15797.054526120002,1.43,10100.508818400001,505.0254409200001,10605.534259320002,84,XCIC24IN00H_Amz Fashion Thematic H1 24,Core
"Kolkata+NTP,STP,Howrah",Entertainment,Youtube,Desktop+Mobile,Non-skip Instream,Video Ad,Thematic Male,Hinglish + Bengali,15 Sec,25+ MF; Men's Fashion,Cost Per Impression (Target Freq),Rufus,N,Y,7063292.880000001,0.0055,0.75,5297469.66,38848.11084,588607.7400000001,12.0,115.0,812278.6812,114.99999999999999,20.909090909090907,0.3475685812999225,1693501.0,2024-04-08,2024-06-30,2.13,15044.813834400002,752.2406917200001,15797.054526120002,1.43,10100.508818400001,505.0254409200001,10605.534259320002,84,XCIC24IN00H_Amz Fashion Thematic H1 24,Core
"Kolkata+NTP,STP,Howrah",Entertainment,PMP,CTV,Midroll (non-skip),Video Ad,Thematic Female+Male,Hinglish + Bengali,15 Sec,25+ MF,Cost Per Impression,Rufus,N,N,423797.57279999997,0.0,0.85,360227.93687999994,0.0,70632.9288,6.0,250.0,105949.39319999999,250.0,0.0,0.33702132264529056,209580.0,2024-04-08,2024-06-30,,,,,1.43,606.0305291039999,30.301526455199998,636.3320555592,84,XCIC24IN00H_Amz Fashion Thematic H1 24,Core
"Kolkata+NTP,STP,Howrah",Entertainment,PMP,Desktop+Mobile,Midroll (non-skip),Video Ad,Thematic Female,Hinglish + Bengali,15 Sec,"25+ MF; Women's Fashion, 25K+ Device , PG Deal - S",Cost Per Impression,Rufus,N,N,278050.0,0.012,0.85,236342.5,3336.6,55610.0,5.0,200.0,55610.0,200.0,16.666666666666668,0.015551377573520878,3575889.0,2024-04-08,2024-04-22,,,,,,,,,15,XCIC24IN00H_Amz Fashion Thematic H1 24,Core
"Kolkata+NTP,STP,Howrah",Entertainment,PMP,Desktop+Mobile,Midroll (non-skip),Video Ad,Thematic Female,Hinglish + Bengali,15 Sec,"25+ MF; Women's Fashion, 25K+ Device , PG Deal",Cost Per Impression,Rufus,N,N,625155.1455999999,0.012,0.85,531381.8737599999,7501.8617472,125031.02911999999,5.0,200.0,125031.02911999999,200.0,16.666666666666668,0.03496501964126962,3575889.0,2024-04-08,2024-06-30,,,,,1.43,893.9718582079998,44.698592910399995,938.6704511183998,84,XCIC24IN00H_Amz Fashion Thematic H1 24,Core
"Kolkata+NTP,STP,Howrah",Entertainment,PMP,Desktop+Mobile,Midroll (non-skip),Video Ad,Thematic Female,Hinglish + Bengali,15 Sec,"25+ MF; Women's Fashion, 25K+ Device , Auction",Cost Per Impression,Rufus,N,N,260481.31066666657,0.012,0.85,221409.11406666657,3125.7757279999987,52096.262133333315,5.0,120.0,31257.75727999999,120.00000000000001,10.000000000000002,0.01456875818386234,3575889.0,2024-04-24,2024-06-30,,,,,1.43,372.48827425333315,18.62441371266666,391.1126879659998,68,XCIC24IN00H_Amz Fashion Thematic H1 24,Core
"Kolkata+NTP,STP,Howrah",Entertainment,PMP,Desktop+Mobile,Midroll (non-skip),Video Ad,Thematic Male,Hinglish + Bengali,15 Sec,"25+ MF; Men's Fashion, 25K+ Device , PG Deal - S",Cost Per Impression,Rufus,N,N,261635.0,0.012,0.85,222389.75,3139.62,52327.0,5.0,200.0,52327.0,200.0,16.666666666666668,0.014633284198698561,3575889.0,2024-04-08,2024-04-22,,,,,,,,,15,XCIC24IN00H_Amz Fashion Thematic H1 24,Core
"Kolkata+NTP,STP,Howrah",Entertainment,PMP,Desktop+Mobile,Midroll (non-skip),Video Ad,Thematic Male,Hinglish + Bengali,15 Sec,"25+ MF; Men's Fashion, 25K+ Device , PG Deal",Cost Per Impression,Rufus,N,N,638287.1455999999,0.012,0.85,542544.0737599999,7659.4457471999995,127657.42911999999,5.0,200.0,127657.42911999999,200.0,16.666666666666664,0.03569949434112747,3575889.0,2024-04-08,2024-06-30,,,,,1.43,912.7506182079999,45.637530910399995,958.3881491183998,84,XCIC24IN00H_Amz Fashion Thematic H1 24,Core
"Kolkata+NTP,STP,Howrah",Entertainment,PMP,Desktop+Mobile,Midroll (non-skip),Video Ad,Thematic Male,Hinglish + Bengali,15 Sec,"25+ MF; Men's Fashion, 25K+ Device , Auction",Cost Per Impression,Rufus,N,N,265952.9773333333,0.012,0.85,226060.0307333333,3191.4357279999995,53190.59546666666,5.0,120.0,31914.357279999997,120.00000000000001,10.0,0.014874789308803114,3575889.0,2024-04-24,2024-06-30,,,,,1.43,380.3127575866666,19.01563787933333,399.3283954659999,68,XCIC24IN00H_Amz Fashion Thematic H1 24,Core
"Kolkata+NTP,STP,Howrah",Entertainment,Youtube,Desktop+Mobile,Instream,Video Ad,Ananya Look + Shorties,Hinglish + Bengali,6 Sec,25+ MF; Women's Fashion,Cost Per Impression,Rufus,N,Y,6474685.14,0.002,0.9,5827216.626,12949.37028,1294937.028,5.0,60.0,388481.10839999997,60.0,30.0,0.7646508788598294,1693501.0,2024-05-06,2024-06-30,2.13,13791.079348199999,689.55396741,14480.633315609999,1.43,9258.7997502,462.93998751000004,9721.73973771,56,XCIC24IN00H_Amz Fashion Thematic H1 24,Core
"Kolkata+NTP,STP,Howrah",Entertainment,Youtube,Desktop+Mobile,Instream,Video Ad,Aditya Look + Shorties,Hinglish + Bengali,6 Sec,25+ MF; Men's Fashion,Cost Per Impression,Rufus,N,Y,6474685.14,0.002,0.9,5827216.626,12949.37028,1294937.028,5.0,60.0,388481.10839999997,60.0,30.0,0.7646508788598294,1693501.0,2024-05-06,2024-06-30,2.13,13791.079348199999,689.55396741,14480.633315609999,1.43,9258.7997502,462.93998751000004,9721.73973771,56,XCIC24IN00H_Amz Fashion Thematic H1 24,Core
ROT17,Entertainment,Youtube,CTV,Instream,Video Ad,Thematic Female+Male,Hinglish,30 Sec,25+ MF; combined men's & women's fashion,Cost per view,Rufus,N,Y,6350334.545454544,,0.4,2540133.818181818,0.0,2116778.181818181,3.0,0.55,1397073.5999999999,220.00000000000003,0.0,0.3554812829581687,5954682.5200000005,2024-04-01,2024-05-12,2.13,13526.212581818178,676.310629090909,14202.523210909087,1.43,9080.978399999996,454.04891999999984,9535.027319999996,42,XCIC24IN00H_Amz Fashion Thematic H1 24,Core
ROT17,Entertainment,Youtube,Desktop+Mobile,Instream,Video Ad,Thematic Female,Hinglish,30 Sec,25+ MF; Women's Fashion,Cost per view,Rufus,N,Y,15179912.674572837,0.002,0.37,5616567.68959195,30359.825349145674,3794978.168643209,4.0,0.4,2246627.07583678,148.00000000000003,74.0,0.14658127882658942,25889924.0,2024-04-01,2024-05-12,2.13,32333.213996840142,1616.6606998420073,33949.87469668215,1.43,21707.275124639156,1085.363756231958,22792.638880871113,42,XCIC24IN00H_Amz Fashion Thematic H1 24,Core
ROT17,Entertainment,Youtube,Desktop+Mobile,Instream,Video Ad,Thematic Male,Hinglish,30 Sec,25+ MF; Men's Fashion,Cost per view,Rufus,N,Y,14596069.87939696,0.002,0.37,5400545.855376875,29192.13975879392,3649017.46984924,4.0,0.4,2160218.34215075,148.0,74.0,0.14094353733325907,25889924.0,2024-04-01,2024-05-12,2.13,31089.628843115523,1554.4814421557762,32644.110285271297,1.43,20872.379927537655,1043.6189963768827,21915.998923914536,42,XCIC24IN00H_Amz Fashion Thematic H1 24,Core
ROT17,Entertainment,PMP,CTV,Midroll (non-skip),Video Ad,Thematic Female+Male,Hinglish,30 Sec,25+ MF,Cost Per Impression,Rufus,N,N,1552303.9999999998,0.0,0.85,1319458.3999999997,0.0,258717.33333333328,6.0,450.0,698536.7999999999,450.0,0.0,0.17217748554746595,1502620.0,2024-04-03,2024-05-12,,,,,1.43,2219.79472,110.989736,2330.784456,40,XCIC24IN00H_Amz Fashion Thematic H1 24,Core
ROT17,Entertainment,Youtube,CTV,Non-skip Instream,Video Ad,Thematic Female+Male,Hinglish,15 Sec,25+ MF; combined men's & women's fashion,Cost Per Impression (Target Freq),Rufus,N,Y,12424068.384000003,,0.75,9318051.288000003,0.0,2070678.0640000005,6.0,125.0,1553008.5480000004,125.0,0.0,0.347739456645289,5954682.5200000005,2024-04-08,2024-06-30,2.13,26463.26565792001,1323.1632828960005,27786.428940816008,1.43,17766.417789120005,888.3208894560003,18654.738678576006,84,XCIC24IN00H_Amz Fashion Thematic H1 24,Core
ROT17,Entertainment,Youtube,Desktop+Mobile,Non-skip Instream,Video Ad,Thematic Female,Hinglish,15 Sec,25+ MF; Women's Fashion,Cost Per Impression (Target Freq),Rufus,N,Y,40513266.46956522,0.0055,0.75,30384949.852173917,222822.9655826087,3376105.539130435,12.0,115.0,4659025.644,115.0,20.90909090909091,0.13040229624198335,25889924.0,2024-04-08,2024-06-30,2.13,86293.25758017391,4314.662879008696,90607.92045918261,1.43,57933.97105147826,2896.698552573913,60830.66960405217,84,XCIC24IN00H_Amz Fashion Thematic H1 24,Core
ROT17,Entertainment,Youtube,Desktop+Mobile,Non-skip Instream,Video Ad,Thematic Male,Hinglish,15 Sec,25+ MF; Men's Fashion,Cost Per Impression (Target Freq),Rufus,N,Y,40513266.46956522,0.0055,0.75,30384949.852173917,222822.9655826087,3376105.539130435,12.0,115.0,4659025.644,115.0,20.90909090909091,0.13040229624198335,25889924.0,2024-04-08,2024-06-30,2.13,86293.25758017391,4314.662879008696,90607.92045918261,1.43,57933.97105147826,2896.698552573913,60830.66960405217,84,XCIC24IN00H_Amz Fashion Thematic H1 24,Core
ROT17,Entertainment,PMP,CTV,Midroll (non-skip),Video Ad,Thematic Female+Male,Hinglish,15 Sec,25+ MF,Cost Per Impression,Rufus,N,N,2662300.3680000002,0.0,0.85,2262955.3128,0.0,443716.72800000006,6.0,250.0,665575.0920000001,250.0,0.0,0.29529536942141066,1502620.0,2024-04-08,2024-06-30,,,,,1.43,3807.08952624,190.354476312,3997.444002552,84,XCIC24IN00H_Amz Fashion Thematic H1 24,Core
ROT17,Entertainment,PMP,Desktop+Mobile,Midroll (non-skip),Video Ad,Thematic Female,Hinglish,15 Sec,"25+ MF; Women's Fashion, 25K+ Device , PG Deal - S",Cost Per Impression,Rufus,N,N,1873760.0,0.012,0.85,1592696.0,22485.12,374752.0,5.0,200.0,374752.0,200.0,16.666666666666668,0.024728022893111108,15154952.0,2024-04-08,2024-04-22,,,,,,,,,15,XCIC24IN00H_Amz Fashion Thematic H1 24,Core
ROT17,Entertainment,PMP,Desktop+Mobile,Midroll (non-skip),Video Ad,Thematic Female,Hinglish,15 Sec,"25+ MF; Women's Fashion, 25K+ Device , PG Deal",Cost Per Impression,Rufus,N,N,3825592.736000001,0.012,0.85,3251753.8256000006,45907.11283200001,765118.5472000001,5.0,200.0,765118.5472000001,199.99999999999997,16.666666666666664,0.05048637219042331,15154952.0,2024-04-08,2024-06-30,,,,,1.43,5470.597612480002,273.5298806240001,5744.127493104002,84,XCIC24IN00H_Amz Fashion Thematic H1 24,Core
ROT17,Entertainment,PMP,Desktop+Mobile,Midroll (non-skip),Video Ad,Thematic Female,Hinglish,15 Sec,"25+ MF; Women's Fashion, 25K+ Device , Auction",Cost Per Impression,Rufus,N,N,1593996.9733333332,0.012,0.85,1354897.427333333,19127.963679999997,318799.39466666663,5.0,120.0,191279.63679999998,120.0,10.0,0.021035988412676374,15154952.0,2024-04-24,2024-06-30,,,,,1.43,2279.4156718666663,113.97078359333332,2393.3864554599995,68,XCIC24IN00H_Amz Fashion Thematic H1 24,Core
ROT17,Entertainment,PMP,Desktop+Mobile,Midroll (non-skip),Video Ad,Thematic Male,Hinglish,15 Sec,"25+ MF; Men's Fashion, 25K+ Device , PG Deal - S",Cost Per Impression,Rufus,N,N,1750715.0,0.012,0.85,1488107.75,21008.58,350143.0,5.0,200.0,350143.0,200.0,16.666666666666664,0.023104197228734212,15154952.0,2024-04-08,2024-04-22,,,,,,,,,15,XCIC24IN00H_Amz Fashion Thematic H1 24,Core
ROT17,Entertainment,PMP,Desktop+Mobile,Midroll (non-skip),Video Ad,Thematic Male,Hinglish,15 Sec,"25+ MF; Men's Fashion, 25K+ Device , PG Deal",Cost Per Impression,Rufus,N,N,3924028.736,0.012,0.85,3335424.4255999997,47088.344832,784805.7472,5.0,200.0,784805.7472000001,200.0,16.666666666666668,0.05178543272192482,15154952.0,2024-04-08,2024-06-30,,,,,1.43,5611.3610924800005,280.568054624,5891.929147104001,84,XCIC24IN00H_Amz Fashion Thematic H1 24,Core
ROT17,Entertainment,PMP,Desktop+Mobile,Midroll (non-skip),Video Ad,Thematic Male,Hinglish,15 Sec,"25+ MF; Men's Fashion, 25K+ Device , Auction",Cost Per Impression,Rufus,N,N,1635011.9733333334,0.012,0.85,1389760.1773333333,19620.14368,327002.3946666667,5.0,120.0,196201.43680000002,120.00000000000001,10.0,0.021577263634135344,15154952.0,2024-04-24,2024-06-30,,,,,1.43,2338.0671218666666,116.90335609333334,2454.97047796,68,XCIC24IN00H_Amz Fashion Thematic H1 24,Core
ROT17,Entertainment,Youtube,Desktop+Mobile,Instream,Video Ad,Ananya Look + Shorties,Hinglish,6 Sec,25+ MF; Women's Fashion,Cost Per Impression,Rufus,N,Y,44371672.800000004,0.002,0.9,39934505.52,88743.34560000002,8874334.56,5.0,60.0,2662300.3680000002,60.0,29.999999999999996,0.34277175012178485,25889924.0,2024-05-06,2024-06-30,2.13,94511.66306400001,4725.5831532,99237.24621720001,1.43,63451.492104000004,3172.5746052000004,66624.06670920001,56,XCIC24IN00H_Amz Fashion Thematic H1 24,Core
ROT17,Entertainment,Youtube,Desktop+Mobile,Instream,Video Ad,Aditya Look + Shorties,Hinglish,6 Sec,25+ MF; Men's Fashion,Cost Per Impression,Rufus,N,Y,44371672.800000004,0.002,0.9,39934505.52,88743.34560000002,8874334.56,5.0,60.0,2662300.3680000002,60.0,29.999999999999996,0.34277175012178485,25889924.0,2024-05-06,2024-06-30,2.13,94511.66306400001,4725.5831532,99237.24621720001,1.43,63451.492104000004,3172.5746052000004,66624.06670920001,56,XCIC24IN00H_Amz Fashion Thematic H1 24,Core
ROT57,Entertainment,Youtube,CTV,Instream,Video Ad,Thematic Female+Male,Hinglish,30 Sec,25+ MF; combined men's & women's fashion,Cost per view,Rufus,N,Y,11864134.636363635,,0.4,4745653.8545454545,0.0,3954711.545454545,3.0,0.55,2610109.62,220.00000000000003,0.0,0.36593064941983144,10807270.59,2024-04-01,2024-05-12,2.13,25270.60677545454,1263.5303387727272,26534.13711422727,1.43,16965.712529999997,848.2856264999999,17813.998156499998,42,XCIC24IN00H_Amz Fashion Thematic H1 24,Core
ROT57,Entertainment,Youtube,Desktop+Mobile,Instream,Video Ad,Thematic Female,Hinglish,30 Sec,25+ MF; Women's Fashion,Cost per view,Rufus,N,Y,28360163.77566829,0.002,0.37,10493260.596997267,56720.32755133658,7090040.943917072,4.0,0.4,4197304.238798907,148.0,74.0,0.1508900331051049,46988133.0,2024-04-01,2024-05-12,2.13,60407.148842173454,3020.357442108673,63427.50628428213,1.43,40555.03419920565,2027.7517099602826,42582.785909165934,42,XCIC24IN00H_Amz Fashion Thematic H1 24,Core
ROT57,Entertainment,Youtube,Desktop+Mobile,Instream,Video Ad,Thematic Male,Hinglish,30 Sec,25+ MF; Men's Fashion,Cost per view,Rufus,N,Y,27269388.245834894,0.002,0.37,10089673.65095891,54538.77649166979,6817347.061458724,4.0,0.4,4035869.4603835647,148.00000000000003,74.0,0.1450865702933701,46988133.0,2024-04-01,2024-05-12,2.13,58083.79696362832,2904.1898481814164,60987.98681180974,1.43,38995.2251915439,1949.761259577195,40944.98645112109,42,XCIC24IN00H_Amz Fashion Thematic H1 24,Core
ROT57,Entertainment,PMP,CTV,Midroll (non-skip),Video Ad,Thematic Female+Male,Hinglish,30 Sec,25+ MF,Cost Per Impression,Rufus,N,N,2900121.8,0.0,0.85,2465103.53,0.0,483353.6333333333,6.0,450.0,1305054.81,450.00000000000006,0.0,0.12329075389639811,3920437.0,2024-04-03,2024-05-12,,,,,1.43,4147.174174,207.3587087,4354.532882699999,40,XCIC24IN00H_Amz Fashion Thematic H1 24,Core
ROT57,Entertainment,Youtube,CTV,Non-skip Instream,Video Ad,Thematic Female+Male,Hinglish,15 Sec,25+ MF; combined men's & women's fashion,Cost Per Impression (Target Freq),Rufus,N,Y,24718988.448000006,,0.75,18539241.336000003,0.0,4119831.408000001,6.0,125.0,3089873.556000001,125.0,0.0,0.38120923999183415,10807270.59,2024-04-08,2024-06-30,2.13,52651.445394240014,2632.572269712001,55284.017663952014,1.43,35348.15348064001,1767.4076740320006,37115.56115467201,84,XCIC24IN00H_Amz Fashion Thematic H1 24,Core
ROT57,Entertainment,Youtube,Desktop+Mobile,Non-skip Instream,Video Ad,Thematic Female,Hinglish,15 Sec,25+ MF; Women's Fashion,Cost Per Impression (Target Freq),Rufus,N,Y,80605397.1130435,0.0055,0.75,60454047.83478263,443329.68412173924,6717116.4260869585,12.0,115.0,9269620.668000001,114.99999999999999,20.909090909090907,0.1429534649969378,46988133.0,2024-04-08,2024-06-30,2.13,171689.49585078267,8584.474792539133,180273.9706433218,1.43,115265.7178716522,5763.285893582611,121029.00376523481,84,XCIC24IN00H_Amz Fashion Thematic H1 24,Core
ROT57,Entertainment,Youtube,Desktop+Mobile,Non-skip Instream,Video Ad,Thematic Male,Hinglish,15 Sec,25+ MF; Men's Fashion,Cost Per Impression (Target Freq),Rufus,N,Y,80605397.1130435,0.0055,0.75,60454047.83478263,443329.68412173924,6717116.4260869585,12.0,115.0,9269620.668000001,114.99999999999999,20.909090909090907,0.1429534649969378,46988133.0,2024-04-08,2024-06-30,2.13,171689.49585078267,8584.474792539133,180273.9706433218,1.43,115265.7178716522,5763.285893582611,121029.00376523481,84,XCIC24IN00H_Amz Fashion Thematic H1 24,Core
ROT57,Entertainment,PMP,CTV,Midroll (non-skip),Video Ad,Thematic Female+Male,Hinglish,15 Sec,25+ MF,Cost Per Impression,Rufus,N,N,5296926.096,0.0,0.85,4502387.1816,0.0,882821.016,6.0,250.0,1324231.524,250.0,0.0,0.22518433939889862,3920437.0,2024-04-08,2024-06-30,,,,,1.43,7574.604317279999,378.730215864,7953.334533144,84,XCIC24IN00H_Amz Fashion Thematic H1 24,Core
ROT57,Entertainment,PMP,Desktop+Mobile,Midroll (non-skip),Video Ad,Thematic Female,Hinglish,15 Sec,"25+ MF; Women's Fashion, 25K+ Device , PG Deal - S",Cost Per Impression,Rufus,N,N,3431710.0,0.012,0.85,2916953.5,41180.520000000004,686342.0,5.0,200.0,686342.0,200.0,16.666666666666664,0.05385518901794877,12744213.0,2024-04-08,2024-04-22,,,,,,,,,15,XCIC24IN00H_Amz Fashion Thematic H1 24,Core
ROT57,Entertainment,PMP,Desktop+Mobile,Midroll (non-skip),Video Ad,Thematic Female,Hinglish,15 Sec,"25+ MF; Women's Fashion, 25K+ Device , PG Deal",Cost Per Impression,Rufus,N,N,7848484.192000001,0.012,0.85,6671211.563200001,94181.81030400001,1569696.8384000002,5.0,200.0,1569696.8384,199.99999999999997,16.666666666666664,0.12316938193044955,12744213.0,2024-04-08,2024-06-30,,,,,1.43,11223.33239456,561.166619728,11784.499014288,84,XCIC24IN00H_Amz Fashion Thematic H1 24,Core
ROT57,Entertainment,PMP,Desktop+Mobile,Midroll (non-skip),Video Ad,Thematic Female,Hinglish,15 Sec,"25+ MF; Women's Fashion, 25K+ Device , Auction",Cost Per Impression,Rufus,N,N,3270201.7466666666,0.012,0.85,2779671.4846666665,39242.42096,654040.3493333333,5.0,120.0,392424.20959999994,119.99999999999999,9.999999999999998,0.05132057580435397,12744213.0,2024-04-24,2024-06-30,,,,,1.43,4676.388497733333,233.81942488666664,4910.207922619999,68,XCIC24IN00H_Amz Fashion Thematic H1 24,Core
ROT57,Entertainment,PMP,Desktop+Mobile,Midroll (non-skip),Video Ad,Thematic Male,Hinglish,15 Sec,"25+ MF; Men's Fashion, 25K+ Device , PG Deal - S",Cost Per Impression,Rufus,N,N,3651685.0,0.012,0.85,3103932.25,43820.22,730337.0,5.0,200.0,730337.0,200.0,16.666666666666668,0.057307344125525836,12744213.0,2024-04-08,2024-04-22,,,,,,,,,15,XCIC24IN00H_Amz Fashion Thematic H1 24,Core
ROT57,Entertainment,PMP,Desktop+Mobile,Midroll (non-skip),Video Ad,Thematic Male,Hinglish,15 Sec,"25+ MF; Men's Fashion, 25K+ Device , PG Deal",Cost Per Impression,Rufus,N,N,7672504.192000001,0.012,0.85,6521628.563200001,92070.050304,1534500.8384000002,5.0,200.0,1534500.8384,199.99999999999997,16.666666666666664,0.1204076578443879,12744213.0,2024-04-08,2024-06-30,,,,,1.43,10971.680994560002,548.5840497280001,11520.265044288002,84,XCIC24IN00H_Amz Fashion Thematic H1 24,Core
ROT57,Entertainment,PMP,Desktop+Mobile,Midroll (non-skip),Video Ad,Thematic Male,Hinglish,15 Sec,"25+ MF; Men's Fashion, 25K+ Device , Auction",Cost Per Impression,Rufus,N,N,3196876.7466666666,0.012,0.85,2717345.2346666665,38362.52096,639375.3493333333,5.0,120.0,383625.20959999994,119.99999999999999,9.999999999999998,0.05016985743516161,12744213.0,2024-04-24,2024-06-30,,,,,1.43,4571.533747733333,228.57668738666666,4800.11043512,68,XCIC24IN00H_Amz Fashion Thematic H1 24,Core
ROT57,Entertainment,Youtube,Desktop+Mobile,Instream,Video Ad,Ananya Look + Shorties,Hinglish,6 Sec,25+ MF; Women's Fashion,Cost Per Impression,Rufus,N,Y,88282101.6,0.002,0.9,79453891.44,176564.2032,17656420.32,5.0,60.0,5296926.096,60.00000000000001,30.0,0.3757633937062364,46988133.0,2024-05-06,2024-06-30,2.13,188040.87640799998,9402.0438204,197442.92022839998,1.43,126243.405288,6312.1702644,132555.5755524,56,XCIC24IN00H_Amz Fashion Thematic H1 24,Core
ROT57,Entertainment,Youtube,Desktop+Mobile,Instream,Video Ad,Aditya Look + Shorties,Hinglish,6 Sec,25+ MF; Men's Fashion,Cost Per Impression,Rufus,N,Y,88282101.6,0.002,0.9,79453891.44,176564.2032,17656420.32,5.0,60.0,5296926.096,60.00000000000001,30.0,0.3757633937062364,46988133.0,2024-05-06,2024-06-30,2.13,188040.87640799998,9402.0438204,197442.92022839998,1.43,126243.405288,6312.1702644,132555.5755524,56,XCIC24IN00H_Amz Fashion Thematic H1 24,Core
